,name,code_id,Points,active_users,comments_per_day,comments_per_hour,community_creation,link,posts_per_day,posts_per_hour,subscribers,date,community_creation2
0,,381189,0,,,,,,,,,2018-04-15,
1,XtraBYtes,66694,5959,94.0,59.79,2.49,1492763400,https://www.reddit.com/r/XtraBYtes/,3.54,0.15,5558.0,2018-04-15,2017-04-21 08:30:00
2,,710156,0,,,,,,,,,2018-04-15,
3,,202714,0,,,,,https://www.reddit.com/r/BitDiceCasino//,,,,2018-04-15,
4,,301112,0,,,,,,,,,2018-04-15,
5,nycoincommunity,247232,209,16.0,3.57,0.15,1519204255,https://www.reddit.com/r/nycoincommunity/,1.12,0.05,154.0,2018-04-15,2018-02-21 09:10:55
6,,517795,0,,,,,,,,,2018-04-15,
7,,3649,0,,,,,,,,,2018-04-15,
8,,7624,0,,,,,,,,,2018-04-15,
9,undefined,847305,0,0.0,,,undefined,https://www.reddit.com/r/SPINDLEZONE/,,,0.0,2018-04-15,
10,,639943,0,,,,,,,,,2018-04-15,
11,,5029,0,,,,,,,,,2018-04-15,
12,,7625,0,,,,,,,,,2018-04-15,
13,thePetroDollar,3646,62,7.0,0.01,0.00,1394454927,https://www.reddit.com/r/thePetroDollar/,0.01,0.00,41.0,2018-04-15,2014-03-10 12:35:27
14,,26194,0,,,,,,,,,2018-04-15,
15,Bytecent,5308,69,14.0,0.03,0.00,1416415930,https://www.reddit.com/r/Bytecent/,0.01,0.00,27.0,2018-04-15,2014-11-19 16:52:10
16,,141171,0,,,,,,,,,2018-04-15,
17,,179926,0,,,,,https://www.reddit.com/r/suncontract /,,,,2018-04-15,
18,,20745,0,,,,,,,,,2018-04-15,
19,,4558,0,,,,,,,,,2018-04-15,
20,SONM,136244,10704,1871.0,4.17,0.17,1493908140,https://www.reddit.com/r/SONM/,1.21,0.05,5083.0,2018-04-15,2017-05-04 14:29:00
21,,137013,0,,,,,,,,,2018-04-15,
22,,404752,0,,,,,,,,,2018-04-15,
23,,380754,0,,,,,,,,,2018-04-15,
24,,446051,0,,,,,,,,,2018-04-15,
25,SophiaTXproject,379248,6299,1618.0,2.22,0.09,1510239990,https://www.reddit.com/r/SophiaTXproject/,1.04,0.04,1441.0,2018-04-15,2017-11-09 15:06:30
26,EventChain,308072,698,17.0,0.08,0.00,1495172472,https://www.reddit.com/r/eventchain/,0.18,0.01,647.0,2018-04-15,2017-05-19 05:41:12
27,deveryofficial,719223,967,45.0,5.26,0.22,1502777494,https://www.reddit.com/r/deveryofficial/,0.77,0.03,822.0,2018-04-15,2017-08-15 06:11:34
28,beetoken,764334,5780,26.0,2.35,0.10,1510174535,https://www.reddit.com/r/beetoken/,1.36,0.06,5698.0,2018-04-15,2017-11-08 20:55:35
29,,194883,0,,,,,,,,,2018-04-15,
30,,340966,0,,,,,,,,,2018-04-15,
31,,4337,0,,,,,,,,,2018-04-15,
32,Lisk,19745,36980,2496.0,102.97,4.29,1452185360,https://www.reddit.com/r/Lisk/,9.89,0.41,29287.0,2018-04-15,2016-01-07 16:49:20
33,,5391,0,,,,,,,,,2018-04-15,
34,,4627,0,,,,,,,,,2018-04-15,
35,groestlcoin,13070,6515,103.0,12.99,0.54,1396537819,https://www.reddit.com/r/groestlcoin/,3.21,0.13,6181.0,2018-04-15,2014-04-03 15:10:19
36,,5375,0,,,,,,,,,2018-04-15,
37,gridcoin,5309,4913,102.0,22.68,0.94,1388201492,https://www.reddit.com/r/gridcoin/,3.67,0.15,4562.0,2018-04-15,2013-12-28 03:31:32
38,,375396,0,,,,,https://www.reddit.com/r/Bitspark//,,,,2018-04-15,
39,,225277,0,,,,,,,,,2018-04-15,
40,,29935,0,,,,,,,,,2018-04-15,
41,,278056,0,,,,,,,,,2018-04-15,
42,,202706,0,,,,,,,,,2018-04-15,
43,whalecoin,347067,154,23.0,0.56,0.02,1394606328,https://www.reddit.com/r/whalecoin/,0.20,0.01,84.0,2018-04-15,2014-03-12 06:38:48
44,Qtum,112392,21653,2603.0,8.27,0.34,1484626125,https://www.reddit.com/r/Qtum/,3.75,0.16,13828.0,2018-04-15,2017-01-17 04:08:45
45,Dropil,820902,432,25.0,7.33,0.31,1516398056,https://www.reddit.com/r/Dropil/,1.01,0.04,343.0,2018-04-15,2018-01-19 21:40:56
46,,360827,0,,,,,,,,,2018-04-15,
47,,28328,0,,,,,,,,,2018-04-15,
48,,380712,0,,,,,https://www.reddit.com/r/decentbet//,,,,2018-04-15,
49,,453855,0,,,,,https://www.reddit.com/r/BulwarkCoin//,,,,2018-04-15,
50,Edgeless,55676,2191,91.0,1.9,0.08,1481806532,https://www.reddit.com/r/Edgeless/,0.51,0.02,1915.0,2018-04-15,2016-12-15 12:55:32
51,,310297,0,,,,,,,,,2018-04-15,
52,iexec,61877,8247,1789.0,4.45,0.19,1478433327,https://www.reddit.com/r/iexec/,1.56,0.07,2872.0,2018-04-15,2016-11-06 11:55:27
53,,27634,0,,,,,,,,,2018-04-15,
54,,70469,0,,,,,,,,,2018-04-15,
55,,4583,0,,,,,,,,,2018-04-15,
56,unikoingold,371005,1145,39.0,1.97,0.08,1501004743,https://www.reddit.com/r/unikoingold/,1.06,0.04,1025.0,2018-04-15,2017-07-25 17:45:43
57,,34506,0,,,,,,,,,2018-04-15,
58,,184163,0,,,,,,,,,2018-04-15,
59,,428300,0,,,,,,,,,2018-04-15,
60,,171884,0,,,,,,,,,2018-04-15,
61,,808414,0,,,,,https://www.reddit.com/r/OntologyNetwork//,,,,2018-04-15,
62,,25917,0,,,,,,,,,2018-04-15,
63,,4442,0,,,,,,,,,2018-04-15,
64,,586567,0,,,,,,,,,2018-04-15,
65,cofoundit,136984,1360,48.0,1.05,0.04,1490767717,https://www.reddit.com/r/cofoundit/,0.61,0.03,1214.0,2018-04-15,2017-03-29 06:08:37
66,therealpandacoin,37366,513,54.0,0.07,0.00,1392280551,https://www.reddit.com/r/therealpandacoin/,0.07,0.00,351.0,2018-04-15,2014-02-13 08:35:51
67,steemit,20333,11779,1720.0,22.86,0.95,1456257902,https://www.reddit.com/r/steemit/,20.09,0.84,6574.0,2018-04-15,2016-02-23 20:05:02
68,,30024,0,,,,,,,,,2018-04-15,
69,ParagonCoin,225764,1347,28.0,21.87,0.91,1498537527,https://www.reddit.com/r/ParagonCoin/,3.45,0.14,1220.0,2018-04-15,2017-06-27 04:25:27
70,,177863,0,,,,,,,,,2018-04-15,
71,,429355,0,,,,,,,,,2018-04-15,
72,PropyInc,185695,487,15.0,1.15,0.05,1507303801,https://www.reddit.com/r/PropyInc/,0.42,0.02,440.0,2018-04-15,2017-10-06 15:30:01
73,,43998,0,,,,,,,,,2018-04-15,
74,,56249,0,,,,,,,,,2018-04-15,
75,Wavesplatform,75475,17414,2713.0,19.0,0.79,1457522430,https://www.reddit.com/r/wavesplatform/,5.12,0.21,9237.0,2018-04-15,2016-03-09 11:20:30
76,coinpoker,819737,375,20.0,3.03,0.13,1506672874,https://www.reddit.com/r/coinpoker/,1.18,0.05,309.0,2018-04-15,2017-09-29 08:14:34
77,zilliqa,716725,5664,147.0,16.69,0.70,1502554540,https://www.reddit.com/r/zilliqa/,3.11,0.13,5190.0,2018-04-15,2017-08-12 16:15:40
78,,74912,0,,,,,,,,,2018-04-15,
79,,731917,0,,,,,https://www.reddit.com/r/https://www.reddit.com/r/Spectre_ai//,,,,2018-04-15,
80,,586088,0,,,,,,,,,2018-04-15,
81,JibrelNetwork,400702,1519,22.0,10.25,0.43,1497469271,https://www.reddit.com/r/JibrelNetwork/,1.79,0.07,1433.0,2018-04-15,2017-06-14 19:41:11
82,,716736,0,,,,,https://www.reddit.com/r/Ethorse//,,,,2018-04-15,
83,,355019,0,,,,,https://www.reddit.com/r/pirl//,,,,2018-04-15,
84,,71077,0,,,,,,,,,2018-04-15,
85,,72438,0,,,,,,,,,2018-04-15,
86,,360229,0,,,,,https://www.reddit.com/r/trackrim//,,,,2018-04-15,
87,tokesplatform,35124,378,32.0,1.11,0.05,1476220857,https://www.reddit.com/r/tokesplatform/,0.21,0.01,280.0,2018-04-15,2016-10-11 21:20:57
88,,5315,0,,,,,,,,,2018-04-15,
89,TheKeyVIP,757542,36,11.0,,,1515927209,https://www.reddit.com/r/TheKeyVIP/,0.01,0.00,3.0,2018-04-15,2018-01-14 10:53:29
90,,30566,0,,,,,,,,,2018-04-15,
91,,199065,0,,,,,,,,,2018-04-15,
92,,12217,0,,,,,,,,,2018-04-15,
93,,220204,0,,,,,,,,,2018-04-15,
94,,727150,0,,,,,,,,,2018-04-15,
95,JET8,819799,210,13.0,1.06,0.04,1513593021,https://www.reddit.com/r/JET8/,0.44,0.02,169.0,2018-04-15,2017-12-18 10:30:21
96,BitShares,5039,12430,1837.0,7.29,0.30,1379814522,https://www.reddit.com/r/BitShares/,2.42,0.10,6905.0,2018-04-15,2013-09-22 01:48:42
97,,5386,0,,,,,,,,,2018-04-15,
98,,198983,0,,,,,,,,,2018-04-15,
99,,129035,0,,,,,https://www.reddit.com/r/Patientory/,,,,2018-04-15,
100,ChronoBank,33914,3406,45.0,2.72,0.11,1475838823,https://www.reddit.com/r/ChronoBank/,1.49,0.06,3266.0,2018-04-15,2016-10-07 11:13:43
101,,4403,0,,,,,,,,,2018-04-15,
102,,707507,0,,,,,,,,,2018-04-15,
103,,71334,0,,,,,,,,,2018-04-15,
104,,5349,0,,,,,,,,,2018-04-15,
105,ecc,685098,3207,36.0,14.44,0.60,1316923730,https://www.reddit.com/r/ecc/,2.23,0.09,3071.0,2018-04-15,2011-09-25 04:08:50
106,envion,383953,820,23.0,3.04,0.13,1510080965,https://www.reddit.com/r/envion/,1.10,0.05,745.0,2018-04-15,2017-11-07 18:56:05
107,,61047,0,,,,,,,,,2018-04-15,
108,,381323,0,,,,,,,,,2018-04-15,
109,blocklancer,223246,259,15.0,0.27,0.01,1497623929,https://www.reddit.com/r/blocklancer/,0.29,0.01,214.0,2018-04-15,2017-06-16 14:38:49
110,Alqo,402782,648,24.0,2.67,0.11,1509323668,https://www.reddit.com/r/Alqo/,1.60,0.07,571.0,2018-04-15,2017-10-30 00:34:28
111,,27996,0,,,,,,,,,2018-04-15,
112,,830983,0,,,,,,,,,2018-04-15,
113,,5343,0,,,,,,,,,2018-04-15,
114,,811575,0,,,,,https://www.reddit.com/r/bezop//,,,,2018-04-15,
115,,4587,0,,,,,,,,,2018-04-15,
116,,180820,0,,,,,,,,,2018-04-15,
117,,464920,0,,,,,,,,,2018-04-15,
118,,28223,0,,,,,,,,,2018-04-15,
119,Litebitcoin,247246,30,9.0,0.03,0.00,1517675647,https://www.reddit.com/r/LiteBitcoin/,0.03,0.00,3.0,2018-04-15,2018-02-03 16:34:07
120,poetproject,188811,16909,2078.0,20.72,0.86,1499720245,https://www.reddit.com/r/poetproject/,2.65,0.11,10634.0,2018-04-15,2017-07-10 20:57:25
121,,793845,0,,,,,,,,,2018-04-15,
122,,418778,0,,,,,,,,,2018-04-15,
123,,198369,0,,,,,,,,,2018-04-15,
124,etheroll,89572,1835,38.0,45.7,1.90,1466083173,https://www.reddit.com/r/etheroll/,2.20,0.09,1630.0,2018-04-15,2016-06-16 13:19:33
125,TenX,45260,19247,2038.0,11.89,0.50,1496736783,https://www.reddit.com/r/TenX/,1.25,0.05,13110.0,2018-04-15,2017-06-06 08:13:03
126,,17006,0,,,,,,,,,2018-04-15,
127,Dentacoin,218906,8154,1996.0,5.28,0.22,1498988573,https://www.reddit.com/r/Dentacoin/,1.10,0.05,2156.0,2018-04-15,2017-07-02 09:42:53
128,,181373,0,,,,,,,,,2018-04-15,
129,,25721,0,,,,,,,,,2018-04-15,
130,,4630,0,,,,,,,,,2018-04-15,
131,decred,16713,13138,1807.0,14.33,0.60,1392669759,https://www.reddit.com/r/decred/,3.14,0.13,7689.0,2018-04-15,2014-02-17 20:42:39
132,omise_go,187440,45413,3052.0,227.26,9.47,1487188058,https://www.reddit.com/r/omise_go/,8.27,0.34,35803.0,2018-04-15,2017-02-15 19:47:38
133,,831814,0,,,,,,,,,2018-04-15,
134,,731943,0,,,,,https://www.reddit.com/r/https://www.reddit.com/r/Spectre_ai//,,,,2018-04-15,
135,intchain,692839,67,7.0,0.11,0.00,1515876180,https://www.reddit.com/r/INTCHAIN/,0.04,0.00,46.0,2018-04-15,2018-01-13 20:43:00
136,dmd,4431,595,52.0,0.97,0.04,1388992779,https://www.reddit.com/r/dmd/,0.57,0.02,438.0,2018-04-15,2014-01-06 07:19:39
137,D_Market,192400,1514,17.0,2.34,0.10,1500296790,https://www.reddit.com/r/D_Market/,0.76,0.03,1459.0,2018-04-15,2017-07-17 13:06:30
138,ParetoNetwork,763768,15240,34.0,22.34,0.93,1510104982,https://www.reddit.com/r/ParetoNetwork/,0.36,0.02,15094.0,2018-04-15,2017-11-08 01:36:22
139,,4323,0,,,,,,,,,2018-04-15,
140,digitalNote,5282,8438,1514.0,5.39,0.22,1433625436,https://www.reddit.com/r/digitalNote/,1.00,0.04,3886.0,2018-04-15,2015-06-06 21:17:16
141,,769759,0,,,,,,,,,2018-04-15,
142,,179990,0,,,,,,,,,2018-04-15,
143,,20823,0,,,,,,,,,2018-04-15,
144,Ripple,5031,197064,3738.0,453.92,18.91,1255535144,https://www.reddit.com/r/ripple/,26.24,1.09,184943.0,2018-04-15,2009-10-14 15:45:44
145,,716659,0,,,,,,,,,2018-04-15,
146,,255777,0,,,,,,,,,2018-04-15,
147,,345510,0,,,,,https://www.reddit.com/r/modum_io//,,,,2018-04-15,
148,BytecoinBCN,5280,16131,1655.0,44.54,1.86,1400579312,https://www.reddit.com/r/BytecoinBCN/,6.77,0.28,11077.0,2018-04-15,2014-05-20 09:48:32
149,,26132,0,,,,,,,,,2018-04-15,
150,,202330,0,,,,,,,,,2018-04-15,
151,,62529,0,,,,,,,,,2018-04-15,
152,undefined,409492,0,0.0,0.01,0.00,undefined,https://www.reddit.com/r/Bitcoin-Diamond//,0.01,0.00,0.0,2018-04-15,
153,,767384,0,,,,,https://www.reddit.com/r/BitcoinAtom//,,,,2018-04-15,
154,EthereumClassic,5324,24403,1938.0,16.33,0.68,1468553533,https://www.reddit.com/r/EthereumClassic/,3.63,0.15,18557.0,2018-04-15,2016-07-15 03:32:13
155,,20315,0,,,,,,,,,2018-04-15,
156,ethereum,7605,369025,4824.0,1268.35,52.85,1387037735,https://www.reddit.com/r/ethereum/,31.33,1.31,352017.0,2018-04-15,2013-12-14 16:15:35
157,,361881,0,,,,,,,,,2018-04-15,
158,,33399,0,,,,,,,,,2018-04-15,
159,,5017,0,,,,,,,,,2018-04-15,
160,,28323,0,,,,,,,,,2018-04-15,
161,,23734,0,,,,,,,,,2018-04-15,
162,,659393,0,,,,,,,,,2018-04-15,
163,SirinLabs,380641,6118,1686.0,2.6,0.11,1505900696,https://www.reddit.com/r/SirinLabs/,1.05,0.04,1055.0,2018-04-15,2017-09-20 09:44:56
164,,35813,0,,,,,,,,,2018-04-15,
165,carVertical,713925,1800,35.0,7.5,0.31,1512563937,https://www.reddit.com/r/carVertical/,1.29,0.05,1680.0,2018-04-15,2017-12-06 12:38:57
166,,5339,0,,,,,,,,,2018-04-15,
167,,166594,0,,,,,,,,,2018-04-15,
168,IODigitalCurrency,4540,862,38.0,0.74,0.03,1411719469,https://www.reddit.com/r/IODigitalCurrency/,0.48,0.02,747.0,2018-04-15,2014-09-26 08:17:49
169,,788468,0,,,,,,,,,2018-04-15,
170,Namecoin,4580,3863,61.0,1.8,0.08,1305008114,https://www.reddit.com/r/Namecoin/,0.61,0.03,3677.0,2018-04-15,2011-05-10 06:15:14
171,,36988,0,,,,,,,,,2018-04-15,
172,,6454,0,,,,,,,,,2018-04-15,
173,,653274,0,,,,,,,,,2018-04-15,
174,,139467,0,,,,,,,,,2018-04-15,
175,,127667,0,,,,,https://www.reddit.com/r/QRL//,,,,2018-04-15,
176,,757568,0,,,,,,,,,2018-04-15,
177,ArabianChain,57481,43,5.0,0.01,0.00,1487636075,https://www.reddit.com/r/ArabianChain/,0.03,0.00,28.0,2018-04-15,2017-02-21 00:14:35
178,,30736,0,,,,,https://www.reddit.com/r/ByteBall//,,,,2018-04-15,
179,,484355,0,,,,,,,,,2018-04-15,
180,,62659,0,,,,,,,,,2018-04-15,
181,undefined,675053,0,0.0,,,undefined,https://www.reddit.com/r/hpbteam/,,,0.0,2018-04-15,
182,Ardor,30173,14525,2667.0,10.23,0.43,1466234042,https://www.reddit.com/r/Ardor/,3.02,0.13,6504.0,2018-04-15,2016-06-18 07:14:02
183,,5384,0,,,,,,,,,2018-04-15,
184,SpankChain,411496,7856,2034.0,4.02,0.17,1503366174,https://www.reddit.com/r/SpankChain/,1.40,0.06,1746.0,2018-04-15,2017-08-22 01:42:54
185,,5020,0,,,,,,,,,2018-04-15,
186,,4407,0,,,,,,,,,2018-04-15,
187,dcorp,188523,928,27.0,1.32,0.06,1494493065,https://www.reddit.com/r/dcorp/,0.37,0.02,845.0,2018-04-15,2017-05-11 08:57:45
188,,311829,0,,,,,https://www.reddit.com/r/domraider//,,,,2018-04-15,
189,DRXNEgaming,384953,67,11.0,0.24,0.01,1508391250,https://www.reddit.com/r/DRXNEgaming/,0.15,0.01,34.0,2018-04-15,2017-10-19 05:34:10
190,,794350,0,,,,,https://www.reddit.com/r/Ravencoin//,,,,2018-04-15,
191,IoP_Community,42596,625,37.0,0.75,0.03,1505840753,https://www.reddit.com/r/IoP_Community/,0.51,0.02,513.0,2018-04-15,2017-09-19 17:05:53
192,,21374,0,,,,,,,,,2018-04-15,
193,,20591,0,,,,,,,,,2018-04-15,
194,,5353,0,,,,,,,,,2018-04-15,
195,,176280,0,,,,,,,,,2018-04-15,
196,,769862,0,,,,,,,,,2018-04-15,
197,,195018,0,,,,,,,,,2018-04-15,
198,CargoXio,745054,811,26.0,4.71,0.20,1512509503,https://www.reddit.com/r/CargoXio/,1.06,0.04,724.0,2018-04-15,2017-12-05 21:31:43
199,,5032,0,,,,,,,,,2018-04-15,
200,,419814,0,,,,,https://www.reddit.com/r/SHIELDCOIN//,,,,2018-04-15,
201,,389849,0,,,,,,,,,2018-04-15,
202,,255254,0,,,,,https://www.reddit.com/r/sociall//,,,,2018-04-15,
203,,222085,0,,,,,https://www.reddit.com/r/Neblio//,,,,2018-04-15,
204,,5317,0,,,,,,,,,2018-04-15,
205,,30536,0,,,,,,,,,2018-04-15,
206,,84232,0,,,,,,,,,2018-04-15,
207,melonproject,45253,1582,73.0,1.32,0.06,1468529921,https://www.reddit.com/r/melonproject/,0.66,0.03,1361.0,2018-04-15,2016-07-14 20:58:41
208,cappasity,306304,1346,36.0,7.25,0.30,1511739006,https://www.reddit.com/r/cappasity/,1.92,0.08,1224.0,2018-04-15,2017-11-26 23:30:06
209,CLAMClient,4416,488,39.0,0.8,0.03,1403207647,https://www.reddit.com/r/CLAMClient/,0.09,0.00,370.0,2018-04-15,2014-06-19 19:54:07
210,RChain,434666,8386,2095.0,2.59,0.11,1480459089,https://www.reddit.com/r/rchain/,1.14,0.05,2096.0,2018-04-15,2016-11-29 22:38:09
211,publicaio,402980,2276,36.0,2.21,0.09,1502283074,https://www.reddit.com/r/publicaio/,1.26,0.05,2164.0,2018-04-15,2017-08-09 12:51:14
212,SubstratumNetwork,221463,19155,1959.0,36.31,1.51,1501501280,https://www.reddit.com/r/SubstratumNetwork/,4.25,0.18,13206.0,2018-04-15,2017-07-31 11:41:20
213,,20157,0,,,,,,,,,2018-04-15,
214,undefined,801364,0,0.0,0.02,0.00,undefined,https://www.reddit.com/r/Alphacat_Official//,0.02,0.00,0.0,2018-04-15,
215,,177462,0,,,,,,,,,2018-04-15,
216,,5298,0,,,,,,,,,2018-04-15,
217,Telcoin,683827,3836,69.0,30.97,1.29,1503398841,https://www.reddit.com/r/telcoin/,2.69,0.11,3568.0,2018-04-15,2017-08-22 10:47:21
218,adChain,188858,675,44.0,0.95,0.04,1496163734,https://www.reddit.com/r/adChain/,0.28,0.01,542.0,2018-04-15,2017-05-30 17:02:14
219,eboost,368732,319,17.0,1.1,0.05,1498346392,https://www.reddit.com/r/eboost/,0.16,0.01,266.0,2018-04-15,2017-06-24 23:19:52
220,,20656,0,,,,,,,,,2018-04-15,
221,AdEx,170452,4167,53.0,2.53,0.11,1496239870,https://www.reddit.com/r/AdEx/,0.87,0.04,4003.0,2018-04-15,2017-05-31 14:11:10
222,Myhush,33460,1317,33.0,2.14,0.09,1498040976,https://www.reddit.com/r/MyHush/,1.36,0.06,1214.0,2018-04-15,2017-06-21 10:29:36
223,,177175,0,,,,,,,,,2018-04-15,
224,adbank,468052,339,24.0,1.45,0.06,1510259748,https://www.reddit.com/r/adbank/,0.33,0.01,265.0,2018-04-15,2017-11-09 20:35:48
225,,6108,0,,,,,,,,,2018-04-15,
226,,182288,0,,,,,,,,,2018-04-15,
227,,597029,0,,,,,,,,,2018-04-15,
228,,388042,0,,,,,https://www.reddit.com/r/MercuryProtocol//,,,,2018-04-15,
229,elasticproject,178861,55,7.0,0.01,0.00,1492296793,https://www.reddit.com/r/elasticproject/,0.01,0.00,34.0,2018-04-15,2017-04-15 22:53:13
230,,5285,0,,,,,,,,,2018-04-15,
231,,675995,0,,,,,,,,,2018-04-15,
232,BreakoutCoin,20892,382,53.0,0.07,0.00,1410899686,https://www.reddit.com/r/BreakoutCoin/,0.05,0.00,223.0,2018-04-15,2014-09-16 20:34:46
233,,543502,0,,,,,https://www.reddit.com/r/breadwallet//,,,,2018-04-15,
234,,801429,0,,,,,https://www.reddit.com/r/GBXCommunity//,,,,2018-04-15,
235,undefined,831848,0,0.0,0.01,0.00,undefined,https://www.reddit.com/r/MyLaLaWorld//,0.01,0.00,0.0,2018-04-15,
236,undefined,194924,0,0.0,0.01,0.00,undefined,https://www.reddit.com/r/Royal_Kingdom//,0.01,0.00,0.0,2018-04-15,
237,,310754,0,,,,,,,,,2018-04-15,
238,,325279,0,,,,,,,,,2018-04-15,
239,,388145,0,,,,,https://www.reddit.com/r/Soarcoin//,,,,2018-04-15,
240,,431413,0,,,,,https://www.reddit.com/r/DiviProject//,,,,2018-04-15,
241,,166503,0,,,,,,,,,2018-04-15,
242,,15879,0,,,,,,,,,2018-04-15,
243,,710098,0,,,,,,,,,2018-04-15,
244,SingularDTV,24926,2325,66.0,6.3,0.26,1468330277,https://www.reddit.com/r/SingularDTV/,1.20,0.05,2115.0,2018-04-15,2016-07-12 13:31:17
245,,84831,0,,,,,,,,,2018-04-15,
246,undefined,339533,0,0.0,0.01,0.00,undefined,https://www.reddit.com/r/WildCrypto//,0.01,0.00,0.0,2018-04-15,
247,,22354,0,,,,,,,,,2018-04-15,
248,,597540,0,,,,,,,,,2018-04-15,
249,Wavesplatform,20131,16362,2364.0,19.07,0.79,1457522430,https://www.reddit.com/r/Wavesplatform/,5.12,0.21,9232.0,2018-04-15,2016-03-09 11:20:30
250,,423297,0,,,,,,,,,2018-04-15,
251,dcorp,763535,927,27.0,1.32,0.06,1494493065,https://www.reddit.com/r/dcorp/,0.37,0.02,844.0,2018-04-15,2017-05-11 08:57:45
252,Wagerr,178467,1512,46.0,6.67,0.28,1491947538,https://www.reddit.com/r/Wagerr/,1.25,0.05,1361.0,2018-04-15,2017-04-11 21:52:18
253,,374211,0,,,,,,,,,2018-04-15,
254,InkLabsFoundation,674918,226,21.0,0.19,0.01,1509265668,https://www.reddit.com/r/InkLabsFoundation/,0.19,0.01,163.0,2018-04-15,2017-10-29 08:27:48
255,,185953,0,,,,,,,,,2018-04-15,
256,,53174,0,,,,,,,,,2018-04-15,
257,goldcoin,4528,436,47.0,1.15,0.05,1369423350,https://www.reddit.com/r/goldcoin/,0.72,0.03,293.0,2018-04-15,2013-05-24 19:22:30
258,,186335,0,,,,,,,,,2018-04-15,
259,,449614,0,,,,,,,,,2018-04-15,
260,,20339,0,,,,,,,,,2018-04-15,
261,,419209,0,,,,,,,,,2018-04-15,
262,,22329,0,,,,,,,,,2018-04-15,
263,ellaism,384651,495,15.0,2.87,0.12,1509479808,https://www.reddit.com/r/ellaism/,0.74,0.03,445.0,2018-04-15,2017-10-31 19:56:48
264,,4333,0,,,,,,,,,2018-04-15,
265,,744880,0,,,,,,,,,2018-04-15,
266,,194567,0,,,,,,,,,2018-04-15,
267,,23728,0,,,,,,,,,2018-04-15,
268,PutinCoin,23737,113,25.0,0.02,0.00,1494909286,https://www.reddit.com/r/PutinCoin/,0.14,0.01,38.0,2018-04-15,2017-05-16 04:34:46
269,,645766,0,,,,,,,,,2018-04-15,
270,,107672,0,,,,,,,,,2018-04-15,
271,,586638,0,,,,,,,,,2018-04-15,
272,omni,22441,971,54.0,1.25,0.05,1219799679,https://www.reddit.com/r/omni/,0.40,0.02,807.0,2018-04-15,2008-08-27 01:14:39
273,,20202,0,,,,,,,,,2018-04-15,
274,,42694,0,,,,,,,,,2018-04-15,
275,,784595,0,,,,,https://www.reddit.com/r/getBABB//,,,,2018-04-15,
276,,5300,0,,,,,,,,,2018-04-15,
277,,56682,0,,,,,,,,,2018-04-15,
278,,659488,0,,,,,,,,,2018-04-15,
279,,439579,0,,,,,https://www.reddit.com/r/EROSCOIN//,,,,2018-04-15,
280,,770254,0,,,,,https://www.reddit.com/r/RestartEnergy//,,,,2018-04-15,
281,,218107,0,,,,,,,,,2018-04-15,
282,,321347,0,,,,,,,,,2018-04-15,
283,,692879,0,,,,,,,,,2018-04-15,
284,,105263,0,,,,,,,,,2018-04-15,
285,,5370,0,,,,,,,,,2018-04-15,
286,,777187,0,,,,,https://www.reddit.com/r/Storiqa//,,,,2018-04-15,
287,STOX,204716,1796,44.0,0.7,0.03,1499678373,https://www.reddit.com/r/STOX/,0.45,0.02,1663.0,2018-04-15,2017-07-10 09:19:33
288,trueflip,150545,425,37.0,0.41,0.02,1499023706,https://www.reddit.com/r/trueflip/,0.20,0.01,314.0,2018-04-15,2017-07-02 19:28:26
289,,784553,0,,,,,https://www.reddit.com/r/TE_FOOD//,,,,2018-04-15,
290,Qlink,637681,5843,67.0,12.97,0.54,1511638197,https://www.reddit.com/r/Qlink/,2.09,0.09,5617.0,2018-04-15,2017-11-25 19:29:57
291,binance,204788,48823,2466.0,127.71,5.32,1498873536,https://www.reddit.com/r/binance/,9.37,0.39,41170.0,2018-04-15,2017-07-01 01:45:36
292,,294364,0,,,,,,,,,2018-04-15,
293,,201676,0,,,,,,,,,2018-04-15,
294,,299397,0,,,,,https://www.reddit.com/r/waltonchain//,,,,2018-04-15,
295,,37361,0,,,,,,,,,2018-04-15,
296,,25082,0,,,,,,,,,2018-04-15,
297,,59317,0,,,,,,,,,2018-04-15,
298,,33129,0,,,,,,,,,2018-04-15,
299,,20270,0,,,,,,,,,2018-04-15,
300,,411620,0,,,,,,,,,2018-04-15,
301,KickICO,202849,157,9.0,0.11,0.00,1499968122,https://www.reddit.com/r/KickICO/,0.04,0.00,130.0,2018-04-15,2017-07-13 17:48:42
302,ColossusCoin,20903,67,7.0,0.07,0.00,1385867975,https://www.reddit.com/r/ColossuscoinX//,0.01,0.00,46.0,2018-04-15,2013-12-01 03:19:35
303,garlicoin,718975,130789,251.0,113.6,4.73,1514228081,https://www.reddit.com/r/garlicoin/,10.93,0.46,129809.0,2018-04-15,2017-12-25 18:54:41
304,,20920,0,,,,,,,,,2018-04-15,
305,,794362,0,,,,,https://www.reddit.com/r/PayWithInk//,,,,2018-04-15,
306,Wavesplatform,43042,16815,2514.0,19.03,0.79,1457522430,https://www.reddit.com/r/Wavesplatform/,5.12,0.21,9235.0,2018-04-15,2016-03-09 11:20:30
307,,222133,0,,,,,,,,,2018-04-15,
308,Refereum,795662,20789,46.0,4.81,0.20,1499321262,https://www.reddit.com/r/Refereum/,1.51,0.06,20642.0,2018-04-15,2017-07-06 06:07:42
309,,242873,0,,,,,,,,,2018-04-15,
310,,338335,0,,,,,https://www.reddit.com/r/enigmacatalyst//,,,,2018-04-15,
311,,283116,0,,,,,https://www.reddit.com/r/EnjinCoin//,,,,2018-04-15,
312,,789144,0,,,,,https://www.reddit.com/r/LeafCoin//,,,,2018-04-15,
313,,667344,0,,,,,,,,,2018-04-15,
314,,175618,0,,,,,,,,,2018-04-15,
315,,684818,0,,,,,,,,,2018-04-15,
316,,235213,0,,,,,https://www.reddit.com/r/Atlantio//,,,,2018-04-15,
317,,368694,0,,,,,,,,,2018-04-15,
318,,35818,0,,,,,,,,,2018-04-15,
319,,345017,0,,,,,,,,,2018-04-15,
320,,131112,0,,,,,,,,,2018-04-15,
321,smartcash,199901,8891,2148.0,9.49,0.40,1488912090,https://www.reddit.com/r/smartcash/,2.74,0.11,2429.0,2018-04-15,2017-03-07 18:41:30
322,,409128,0,,,,,,,,,2018-04-15,
323,,58121,0,,,,,,,,,2018-04-15,
324,,4418,0,,,,,,,,,2018-04-15,
325,zec,24854,20682,2631.0,28.28,1.18,1472410914,https://www.reddit.com/r/zec/,4.36,0.18,12733.0,2018-04-15,2016-08-28 19:01:54
326,,241757,0,,,,,https://www.reddit.com/r/bankex//,,,,2018-04-15,
327,,116180,0,,,,,,,,,2018-04-15,
328,,51845,0,,,,,,,,,2018-04-15,
329,,4347,0,,,,,,,,,2018-04-15,
330,Influxcoin,20446,144,14.0,0.03,0.00,1442265224,https://www.reddit.com/r/Influxcoin/,0.02,0.00,102.0,2018-04-15,2015-09-14 21:13:44
331,swarm,755563,282,24.0,0.54,0.02,1289908833,https://www.reddit.com/r/swarm/,0.49,0.02,209.0,2018-04-15,2010-11-16 12:00:33
332,ShiftNrg,38307,1495,44.0,1.79,0.07,1455669416,https://www.reddit.com/r/ShiftNrg/,0.93,0.04,1360.0,2018-04-15,2016-02-17 00:36:56
333,,384729,0,,,,,,,,,2018-04-15,
334,,715749,0,,,,,,,,,2018-04-15,
335,,180804,0,,,,,https://www.reddit.com/r/Official_EncrypGen//,,,,2018-04-15,
336,,50741,0,,,,,,,,,2018-04-15,
337,,182325,0,,,,,,,,,2018-04-15,
338,,6104,0,,,,,,,,,2018-04-15,
339,,472769,0,,,,,,,,,2018-04-15,
340,pivx,42433,13126,1719.0,16.26,0.68,1482865184,https://www.reddit.com/r/pivx/,3.04,0.13,7937.0,2018-04-15,2016-12-27 18:59:44
341,,170958,0,,,,,,,,,2018-04-15,
342,cardano,321992,69576,2622.0,120.73,5.03,1490258606,https://www.reddit.com/r/cardano/,10.42,0.43,61469.0,2018-04-15,2017-03-23 08:43:26
343,undefined,318199,0,0.0,0.01,0.00,undefined,https://www.reddit.com/r/H_cash/,0.01,0.00,0.0,2018-04-15,
344,HorizonState,374246,2054,41.0,5.41,0.23,1501034559,https://www.reddit.com/r/HorizonState/,1.16,0.05,1921.0,2018-04-15,2017-07-26 02:02:39
345,,4352,0,,,,,,,,,2018-04-15,
346,,40811,0,,,,,,,,,2018-04-15,
347,,50754,0,,,,,,,,,2018-04-15,
348,,310497,0,,,,,,,,,2018-04-15,
349,infinityeconomics,372654,35,7.0,0.05,0.00,1510238886,https://www.reddit.com/r/infinityeconomics/,0.03,0.00,14.0,2018-04-15,2017-11-09 14:48:06
350,Bancor,22327,9757,1794.0,8.61,0.36,1483033106,https://www.reddit.com/r/Bancor/,3.65,0.15,4358.0,2018-04-15,2016-12-29 17:38:26
351,,777667,0,,,,,https://www.reddit.com/r/EQUAL_Network//,,,,2018-04-15,
352,HawalaToday,563196,1774,25.0,2.28,0.10,1512171131,https://www.reddit.com/r/HawalaToday/,1.15,0.05,1695.0,2018-04-15,2017-12-01 23:32:11
353,havven,816635,1182,24.0,3.44,0.14,1515993838,https://www.reddit.com/r/havven/,1.47,0.06,1104.0,2018-04-15,2018-01-15 05:23:58
354,,20908,0,,,,,,,,,2018-04-15,
355,,299415,0,,,,,,,,,2018-04-15,
356,YeeToken,719272,17,4.0,,,1516638222,https://www.reddit.com/r/yeetoken/,0.08,0.00,5.0,2018-04-15,2018-01-22 16:23:42
357,,4618,0,,,,,,,,,2018-04-15,
358,EmerCoin,15876,6973,1624.0,1.37,0.06,1410374003,https://www.reddit.com/r/EmerCoin/,0.31,0.01,2099.0,2018-04-15,2014-09-10 18:33:23
359,,21239,0,,,,,,,,,2018-04-15,
360,,8762,0,,,,,,,,,2018-04-15,
361,leadcoin,851001,230,21.0,13.69,0.57,1515687709,https://www.reddit.com/r/leadcoin/,1.88,0.08,140.0,2018-04-15,2018-01-11 16:21:49
362,,453647,0,,,,,,,,,2018-04-15,
363,,661719,0,,,,,,,,,2018-04-15,
364,,344988,0,,,,,,,,,2018-04-15,
365,,408849,0,,,,,,,,,2018-04-15,
366,Covesting,338426,136,7.0,1.23,0.05,1508437475,https://www.reddit.com/r/Covesting/,0.24,0.01,113.0,2018-04-15,2017-10-19 18:24:35
367,,28081,0,,,,,,,,,2018-04-15,
368,,234811,0,,,,,,,,,2018-04-15,
369,,789115,0,,,,,https://www.reddit.com/r/thecypherfunks//,,,,2018-04-15,
370,,5313,0,,,,,,,,,2018-04-15,
371,,21365,0,,,,,,,,,2018-04-15,
372,,338541,0,,,,,https://www.reddit.com/r/WAXtoken//,,,,2018-04-15,
373,,8825,0,,,,,,,,,2018-04-15,
374,ufoo,5355,259,22.0,1.19,0.05,1502911082,https://www.reddit.com/r/ufoo/,0.31,0.01,191.0,2018-04-15,2017-08-16 19:18:02
375,RupeeBlockchain,345801,303,27.0,0.85,0.04,1507380385,https://www.reddit.com/r/RupeeBlockchain/,0.64,0.03,221.0,2018-04-15,2017-10-07 12:46:25
376,,331603,0,,,,,,,,,2018-04-15,
377,,180678,0,,,,,,,,,2018-04-15,
378,,187030,0,,,,,,,,,2018-04-15,
379,GolemProject,33022,25613,2081.0,76.63,3.19,1463411942,https://www.reddit.com/r/GolemProject/,24.14,1.01,19217.0,2018-04-15,2016-05-16 15:19:02
380,,619375,0,,,,,https://www.reddit.com/r/GenaroNetwork//,,,,2018-04-15,
381,,338555,0,,,,,https://www.reddit.com/r/AirToken//,,,,2018-04-15,
382,MakerDAO,41192,8854,1742.0,33.3,1.39,1439686647,https://www.reddit.com/r/MakerDAO/,3.76,0.16,3562.0,2018-04-15,2015-08-16 00:57:27
383,,368770,0,,,,,https://www.reddit.com/r/AidCoin//,,,,2018-04-15,
384,gnosisPM,66193,7439,1790.0,1.16,0.05,1467838567,https://www.reddit.com/r/gnosisPM/,0.56,0.02,2067.0,2018-04-15,2016-07-06 20:56:07
385,,336538,0,,,,,https://www.reddit.com/r/VibeHub//,,,,2018-04-15,
386,,20718,0,,,,,,,,,2018-04-15,
387,,15323,0,,,,,,,,,2018-04-15,
388,,355117,0,,,,,,,,,2018-04-15,
389,,5295,0,,,,,,,,,2018-04-15,
390,,660438,0,,,,,,,,,2018-04-15,
391,,744910,0,,,,,,,,,2018-04-15,
392,verge,4433,5818,21.0,19.7,0.82,1321296391,https://www.reddit.com/r/verge/,0.06,0.00,5716.0,2018-04-15,2011-11-14 18:46:31
393,,718435,0,,,,,,,,,2018-04-15,
394,boscoin,116384,939,41.0,2.02,0.08,1482723850,https://www.reddit.com/r/boscoin/,0.77,0.03,812.0,2018-04-15,2016-12-26 03:44:10
395,,589829,0,,,,,,,,,2018-04-15,
396,,619555,0,,,,,https://www.reddit.com/r/nebulas//,,,,2018-04-15,
397,,4571,0,,,,,,,,,2018-04-15,
398,,21869,0,,,,,,,,,2018-04-15,
399,,247391,0,,,,,,,,,2018-04-15,
400,,4348,0,,,,,,,,,2018-04-15,
401,,767260,0,,,,,https://www.reddit.com/r/LYMPO//,,,,2018-04-15,
402,,42598,0,,,,,,,,,2018-04-15,
403,2GIVE,20910,195,38.0,0.02,0.00,1462109826,https://www.reddit.com/r/2GIVE/,0.02,0.00,81.0,2018-04-15,2016-05-01 13:37:06
404,,659770,0,,,,,,,,,2018-04-15,
405,,182346,0,,,,,,,,,2018-04-15,
406,,130939,0,,,,,https://www.reddit.com/r/https://www.reddit.com/r/lykke/,,,,2018-04-15,
407,,326222,0,,,,,,,,,2018-04-15,
408,,5325,0,,,,,,,,,2018-04-15,
409,undefined,130951,0,0.0,0.02,0.00,undefined,https://www.reddit.com/r/-ESPERS-/,0.02,0.00,0.0,2018-04-15,
410,qvoltaexchange,205980,436,30.0,0.44,0.02,1500479453,https://www.reddit.com/r/qvoltaexchange/,0.13,0.01,346.0,2018-04-15,2017-07-19 15:50:53
411,AionNetwork,431235,10459,2098.0,21.28,0.89,1506941320,https://www.reddit.com/r/AionNetwork/,2.05,0.09,4123.0,2018-04-15,2017-10-02 10:48:40
412,paycon,12985,63,18.0,0.0,0.00,1420304954,https://www.reddit.com/r/paycon/,0.00,0.00,9.0,2018-04-15,2015-01-03 17:09:14
413,,5341,0,,,,,,,,,2018-04-15,
414,,5351,0,,,,,,,,,2018-04-15,
415,Terracoin,4626,864,28.0,0.76,0.03,1353561349,https://www.reddit.com/r/Terracoin/,0.46,0.02,779.0,2018-04-15,2012-11-22 05:15:49
416,,777368,0,,,,,,,,,2018-04-15,
417,,171986,0,,,,,,,,,2018-04-15,
418,,310829,0,,,,,,,,,2018-04-15,
419,Kobocoin,3642,112,31.0,0.0,0.00,1420195342,https://www.reddit.com/r/Kobocoin/,0.01,0.00,19.0,2018-04-15,2015-01-02 10:42:22
420,kucoin,348628,15537,1423.0,136.5,5.69,1506419741,https://www.reddit.com/r/kucoin/,7.94,0.33,10995.0,2018-04-15,2017-09-26 09:55:41
421,,402714,0,,,,,,,,,2018-04-15,
422,,21232,0,,,,,,,,,2018-04-15,
423,,35226,0,,,,,,,,,2018-04-15,
424,,67430,0,,,,,,,,,2018-04-15,
425,,319075,0,,,,,,,,,2018-04-15,
426,,207775,0,,,,,,,,,2018-04-15,
427,,4439,0,,,,,,,,,2018-04-15,
428,undefined,571314,0,0.0,0.02,0.00,undefined,https://www.reddit.com/r/aelf_blockchain//,0.02,0.00,0.0,2018-04-15,
429,,4592,0,,,,,,,,,2018-04-15,
430,,6098,0,,,,,,,,,2018-04-15,
431,Aeon,20730,5402,89.0,55.53,2.31,1352988995,https://www.reddit.com/r/aeon/,3.75,0.16,5024.0,2018-04-15,2012-11-15 14:16:35
432,,199363,0,,,,,,,,,2018-04-15,
433,,8694,0,,,,,,,,,2018-04-15,
434,LEOcoinorg,33001,295,30.0,0.02,0.00,1416409157,https://www.reddit.com/r/leocoinorg/,0.04,0.00,205.0,2018-04-15,2014-11-19 14:59:17
435,Leverj,332804,184,12.0,0.47,0.02,1502228777,https://www.reddit.com/r/Leverj/,0.31,0.01,148.0,2018-04-15,2017-08-08 21:46:17
436,DeepOnion,198967,12497,47.0,4.51,0.19,1500003144,https://www.reddit.com/r/DeepOnion/,2.34,0.10,12347.0,2018-04-15,2017-07-14 03:32:24
437,wanchain,240142,16669,161.0,118.95,4.96,1502158293,https://www.reddit.com/r/wanchain/,10.31,0.43,15949.0,2018-04-15,2017-08-08 02:11:33
438,,70352,0,,,,,,,,,2018-04-15,
439,whitecoin,20338,515,44.0,0.67,0.03,1397435453,https://www.reddit.com/r/whitecoin/,0.50,0.02,382.0,2018-04-15,2014-04-14 00:30:53
440,,661777,0,,,,,,,,,2018-04-15,
441,auroradao,708404,1060,40.0,9.96,0.42,1498684260,https://www.reddit.com/r/auroradao/,2.15,0.09,921.0,2018-04-15,2017-06-28 21:11:00
442,,4590,0,,,,,,,,,2018-04-15,
443,,543363,0,,,,,https://www.reddit.com/r/Bounty0x//,,,,2018-04-15,
444,,70365,0,,,,,,,,,2018-04-15,
445,,25921,0,,,,,,,,,2018-04-15,
446,startcoin,5289,220,20.0,0.04,0.00,1402683008,https://www.reddit.com/r/startcoin/,0.03,0.00,160.0,2018-04-15,2014-06-13 18:10:08
447,,338070,0,,,,,https://www.reddit.com/r/Cindicator//,,,,2018-04-15,
448,,324068,0,,,,,,,,,2018-04-15,
449,,431170,0,,,,,,,,,2018-04-15,
450,ZClassic,32544,6741,127.0,7.52,0.31,1478312632,https://www.reddit.com/r/ZClassic/,2.55,0.11,6345.0,2018-04-15,2016-11-05 02:23:52
451,Datawallet,765943,99,7.0,0.21,0.01,1508405804,https://www.reddit.com/r/Datawallet/,0.14,0.01,78.0,2018-04-15,2017-10-19 09:36:44
452,Snovio_ICO,311853,1146,44.0,1.9,0.08,1514380054,https://www.reddit.com/r/Snovio_ICO/,1.31,0.05,1011.0,2018-04-15,2017-12-27 13:07:34
453,,409155,0,,,,,,,,,2018-04-15,
454,,35823,0,,,,,,,,,2018-04-15,
455,,659724,0,,,,,,,,,2018-04-15,
456,privatix,257772,449,22.0,1.64,0.07,1505063582,https://www.reddit.com/r/privatix/,0.43,0.02,380.0,2018-04-15,2017-09-10 17:13:02
457,,182364,0,,,,,,,,,2018-04-15,
458,lamden,405291,2153,58.0,20.97,0.87,1507177831,https://www.reddit.com/r/lamden/,1.32,0.06,1938.0,2018-04-15,2017-10-05 04:30:31
459,BTCZCommunity,327184,805,40.0,4.29,0.18,1507915589,https://www.reddit.com/r/BTCZCommunity/,1.14,0.05,677.0,2018-04-15,2017-10-13 17:26:29
460,,385933,0,,,,,,,,,2018-04-15,
461,BitcoinPrivate,770095,8663,297.0,108.39,4.52,1513780486,https://www.reddit.com/r/BitcoinPrivate/,16.53,0.69,7556.0,2018-04-15,2017-12-20 14:34:46
462,RebelliousCoin,370889,1619,21.0,1.16,0.05,1508144374,https://www.reddit.com/r/RebelliousCoin/,0.95,0.04,1554.0,2018-04-15,2017-10-16 08:59:34
463,,531559,0,,,,,,,,,2018-04-15,
464,bitcoindark,4400,716,60.0,0.28,0.01,1405285526,https://www.reddit.com/r/bitcoindark/,0.10,0.00,536.0,2018-04-15,2014-07-13 21:05:26
465,,836492,0,,,,,,,,,2018-04-15,
466,,187015,0,,,,,,,,,2018-04-15,
467,,175611,0,,,,,,,,,2018-04-15,
468,,659973,0,,,,,,,,,2018-04-15,
469,,49610,0,,,,,,,,,2018-04-15,
470,Matchpool,67096,894,51.0,1.07,0.04,1488888222,https://www.reddit.com/r/Matchpool/,0.36,0.02,739.0,2018-04-15,2017-03-07 12:03:42
471,,4535,0,,,,,,,,,2018-04-15,
472,,674980,0,,,,,,,,,2018-04-15,
473,IntenseCoin,522090,1897,24.0,3.81,0.16,1500306757,https://www.reddit.com/r/IntenseCoin/,1.50,0.06,1818.0,2018-04-15,2017-07-17 15:52:37
474,,752710,0,,,,,,,,,2018-04-15,
475,BloomToken,638634,2149,26.0,7.14,0.30,1504718558,https://www.reddit.com/r/BloomToken/,1.25,0.05,2057.0,2018-04-15,2017-09-06 17:22:38
476,,371004,0,,,,,,,,,2018-04-15,
477,,347235,0,,,,,,,,,2018-04-15,
478,blackcoin,4339,8494,77.0,3.33,0.14,1390803421,https://www.reddit.com/r/blackcoin/,0.93,0.04,8257.0,2018-04-15,2014-01-27 06:17:01
479,,777407,0,,,,,,,,,2018-04-15,
480,,8761,0,,,,,,,,,2018-04-15,
481,Upfiring,404806,1797,31.0,7.26,0.30,1504237102,https://www.reddit.com/r/Upfiring/,1.36,0.06,1690.0,2018-04-15,2017-09-01 03:38:22
482,,71321,0,,,,,,,,,2018-04-15,
483,,4440,0,,,,,,,,,2018-04-15,
484,,704135,0,,,,,,,,,2018-04-15,
485,Augur,17778,12968,1688.0,8.26,0.34,1223809002,https://www.reddit.com/r/Augur/,1.25,0.05,7888.0,2018-04-15,2008-10-12 10:56:42
486,,335059,0,,,,,https://www.reddit.com/r/RequestNetwork//,,,,2018-04-15,
487,,788239,0,,,,,https://www.reddit.com/r/republicprotocol//,,,,2018-04-15,
488,remme,625010,746,23.0,3.23,0.13,1508170764,https://www.reddit.com/r/remme/,1.12,0.05,671.0,2018-04-15,2017-10-16 16:19:24
489,,322013,0,,,,,,,,,2018-04-15,
490,RefToken,731629,201,24.0,2.75,0.11,1497456941,https://www.reddit.com/r/RefToken/,0.18,0.01,124.0,2018-04-15,2017-06-14 16:15:41
491,factom,13280,13883,1824.0,13.4,0.56,1410494935,https://www.reddit.com/r/factom/,1.94,0.08,8385.0,2018-04-15,2014-09-12 04:08:55
492,,777027,0,,,,,,,,,2018-04-15,
493,,5385,0,,,,,,,,,2018-04-15,
494,litecoin,3808,209970,4002.0,199.18,8.30,1318615591,https://www.reddit.com/r/litecoin/,16.01,0.67,197566.0,2018-04-15,2011-10-14 18:06:31
495,blockv,306482,1321,56.0,3.15,0.13,1505435040,https://www.reddit.com/r/blockv/,1.39,0.06,1147.0,2018-04-15,2017-09-15 00:24:00
496,Vechain,236131,53036,2289.0,230.99,9.62,1506540898,https://www.reddit.com/r/Vechain/,9.69,0.40,45708.0,2018-04-15,2017-09-27 19:34:58
497,ucash,299774,6316,133.0,1.93,0.08,1472054603,https://www.reddit.com/r/ucash/,1.01,0.04,5914.0,2018-04-15,2016-08-24 16:03:23
498,siacoin,13072,37382,2047.0,51.04,2.13,1399850941,https://www.reddit.com/r/siacoin/,4.67,0.19,31139.0,2018-04-15,2014-05-11 23:29:01
499,,716767,0,,,,,,,,,2018-04-15,
500,,319254,0,,,,,,,,,2018-04-15,
501,,5408,0,,,,,,,,,2018-04-15,
502,CanYaCoin,327632,1501,28.0,2.68,0.11,1505106600,https://www.reddit.com/r/CanYaCoin/,1.38,0.06,1412.0,2018-04-15,2017-09-11 05:10:00
503,,341422,0,,,,,,,,,2018-04-15,
504,counterparty_xcp,5292,1536,66.0,1.41,0.06,1391179337,https://www.reddit.com/r/counterparty_xcp/,0.55,0.02,1336.0,2018-04-15,2014-01-31 14:42:17
505,,131111,0,,,,,,,,,2018-04-15,
506,batamoney,16125,142,21.0,0.03,0.00,1431414211,https://www.reddit.com/r/batamoney/,0.07,0.00,79.0,2018-04-15,2015-05-12 07:03:31
507,Bitcoin,1182,843976,11697.0,4665.23,194.38,1284042626,https://www.reddit.com/r/bitcoin/,257.68,10.74,799555.0,2018-04-15,2010-09-09 14:30:26
508,,67462,0,,,,,,,,,2018-04-15,
509,,186277,0,,,,,,,,,2018-04-15,
510,,385907,0,,,,,,,,,2018-04-15,
511,,48787,0,,,,,,,,,2018-04-15,
512,verifyas,502301,2058,26.0,7.16,0.30,1506604333,https://www.reddit.com/r/verifyas/,1.14,0.05,1966.0,2018-04-15,2017-09-28 13:12:13
513,,194530,0,,,,,https://www.reddit.com/r/https://github.com/adshares/,,,,2018-04-15,
514,,309621,0,,,,,,,,,2018-04-15,
515,,24294,0,,,,,,,,,2018-04-15,
516,,30022,0,,,,,,,,,2018-04-15,
517,,718398,0,,,,,,,,,2018-04-15,
518,astronautcapital,387875,564,13.0,1.51,0.06,1504209118,https://www.reddit.com/r/astronautcapital/,0.54,0.02,522.0,2018-04-15,2017-08-31 19:51:58
519,Stellar,4614,87475,3220.0,459.57,19.15,1324757077,https://www.reddit.com/r/stellar/,9.76,0.41,76896.0,2018-04-15,2011-12-24 20:04:37
520,thenagaico,466339,509,11.0,1.12,0.05,1509823928,https://www.reddit.com/r/thenagaico/,0.83,0.03,474.0,2018-04-15,2017-11-04 19:32:08
521,,5318,0,,,,,,,,,2018-04-15,
522,,61061,0,,,,,,,,,2018-04-15,
523,BlackMoonCrypto,304184,1721,43.0,2.53,0.11,1501734752,https://www.reddit.com/r/BlackMoonCrypto/,0.66,0.03,1587.0,2018-04-15,2017-08-03 04:32:32
524,,141331,0,,,,,,,,,2018-04-15,
525,,236358,0,,,,,,,,,2018-04-15,
526,SharpeCapital,364472,128,8.0,0.1,0.00,1503349366,https://www.reddit.com/r/SharpeCapital/,0.26,0.01,104.0,2018-04-15,2017-08-21 21:02:46
527,,20444,0,,,,,,,,,2018-04-15,
528,britcoin3,182416,68,14.0,0.03,0.00,1455030211,https://www.reddit.com/r/britcoin3/,0.03,0.00,26.0,2018-04-15,2016-02-09 15:03:31
529,,371095,0,,,,,,,,,2018-04-15,
530,Electra,409249,1242,22.0,1.3,0.05,1497308920,https://www.reddit.com/r/Electra/,0.01,0.00,1174.0,2018-04-15,2017-06-12 23:08:40
531,,55650,0,,,,,,,,,2018-04-15,
532,,351720,0,,,,,https://www.reddit.com/r/LUXCoin//,,,,2018-04-15,
533,,6111,0,,,,,,,,,2018-04-15,
534,,849815,0,,,,,https://www.reddit.com/r/ignitioncoin//,,,,2018-04-15,
535,Lunyr,67447,7653,1808.0,3.21,0.13,1482459793,https://www.reddit.com/r/lunyr/,1.51,0.06,2223.0,2018-04-15,2016-12-23 02:23:13
536,BitBean,4338,883,41.0,4.72,0.20,1424995511,https://www.reddit.com/r/BitBean/,1.11,0.05,751.0,2018-04-15,2015-02-27 00:05:11
537,,355242,0,,,,,,,,,2018-04-15,
538,vertcoin,5018,40951,2106.0,93.87,3.91,1389444040,https://www.reddit.com/r/vertcoin/,10.25,0.43,34446.0,2018-04-15,2014-01-11 12:40:40
539,,667239,0,,,,,,,,,2018-04-15,
540,,5372,0,,,,,,,,,2018-04-15,
541,,784762,0,,,,,https://www.reddit.com/r/Rentberry//,,,,2018-04-15,
542,DADI,778953,2244,31.0,3.06,0.13,1499887519,https://www.reddit.com/r/DADI/,1.52,0.06,2145.0,2018-04-15,2017-07-12 19:25:19
543,,318154,0,,,,,,,,,2018-04-15,
544,KekCoinOfficial,368743,108,19.0,0.05,0.00,1495600612,https://www.reddit.com/r/KekcoinOfficial/,0.04,0.00,51.0,2018-04-15,2017-05-24 04:36:52
545,HiveProject_net,179329,1119,31.0,3.23,0.13,1496836922,https://www.reddit.com/r/HiveProject_net/,1.59,0.07,1020.0,2018-04-15,2017-06-07 12:02:02
546,AppcoinsProtocol,346812,3826,54.0,7.2,0.30,1506239342,https://www.reddit.com/r/AppcoinsProtocol/,1.28,0.05,3650.0,2018-04-15,2017-09-24 07:49:02
547,,360299,0,,,,,https://www.reddit.com/r/selfkey//,,,,2018-04-15,
548,,486886,0,,,,,,,,,2018-04-15,
549,,843613,0,,,,,https://www.reddit.com/r/bbncoin//,,,,2018-04-15,
550,,29462,0,,,,,,,,,2018-04-15,
551,,4594,0,,,,,,,,,2018-04-15,
552,rubycoin,5316,603,31.0,0.32,0.01,1391832046,https://www.reddit.com/r/rubycoin/,0.07,0.00,510.0,2018-04-15,2014-02-08 04:00:46
553,DopeCoin,28332,489,29.0,0.8,0.03,1390544077,https://www.reddit.com/r/DopeCoin/,0.07,0.00,401.0,2018-04-15,2014-01-24 06:14:37
554,,8695,0,,,,,,,,,2018-04-15,
555,,20650,0,,,,,,,,,2018-04-15,
556,storj,187347,13435,2112.0,15.83,0.66,1396508161,https://www.reddit.com/r/storj/,2.51,0.10,7068.0,2018-04-15,2014-04-03 06:56:01
557,,186875,0,,,,,https://www.reddit.com/r/stormtoken//,,,,2018-04-15,
558,,136211,0,,,,,,,,,2018-04-15,
559,,61902,0,,,,,,,,,2018-04-15,
560,,355702,0,,,,,,,,,2018-04-15,
561,LegolasExchange,710370,807,22.0,2.77,0.12,1515082770,https://www.reddit.com/r/LegolasExchange/,1.35,0.06,736.0,2018-04-15,2018-01-04 16:19:30
562,Open_Trading_Network,370726,389,25.0,1.02,0.04,1506681782,https://www.reddit.com/r/Open_Trading_Network/,0.33,0.01,312.0,2018-04-15,2017-09-29 10:43:02
563,,66259,0,,,,,,,,,2018-04-15,
564,,188294,0,,,,,,,,,2018-04-15,
565,,292748,0,,,,,,,,,2018-04-15,
566,aXpire,727769,977,39.0,2.37,0.10,1514657031,https://www.reddit.com/r/aXpire/,1.06,0.04,856.0,2018-04-15,2017-12-30 18:03:51
567,uquidcoin,418694,25,6.0,,,1507025100,https://www.reddit.com/r/uquidcoin/,0.17,0.01,7.0,2018-04-15,2017-10-03 10:05:00
568,,20819,0,,,,,,,,,2018-04-15,
569,blocktix,175671,955,41.0,2.15,0.09,1474876575,https://www.reddit.com/r/blocktix/,0.59,0.02,828.0,2018-04-15,2016-09-26 07:56:15
570,,770043,0,,,,,https://www.reddit.com/r/Jesus_Coin//,,,,2018-04-15,
571,,77306,0,,,,,,,,,2018-04-15,
572,,4624,0,,,,,,,,,2018-04-15,
573,,779041,0,,,,,,,,,2018-04-15,
574,cryptotwenty,339632,1996,35.0,5.35,0.22,1502042684,https://www.reddit.com/r/cryptotwenty/,1.33,0.06,1881.0,2018-04-15,2017-08-06 18:04:44
575,,660947,0,,,,,,,,,2018-04-15,
576,dashpay,3807,29391,2835.0,42.27,1.76,1426558267,https://www.reddit.com/r/dashpay/,8.89,0.37,20802.0,2018-04-15,2015-03-17 02:11:07
577,,608140,0,,,,,,,,,2018-04-15,
578,burstcoin,5286,6944,131.0,47.29,1.97,1407998164,https://www.reddit.com/r/burstcoin/,8.55,0.36,6457.0,2018-04-15,2014-08-14 06:36:04
579,,116425,0,,,,,,,,,2018-04-15,
580,Particl,191116,8489,2054.0,5.52,0.23,1484694103,https://www.reddit.com/r/particl/,1.85,0.08,2316.0,2018-04-15,2017-01-17 23:01:43
581,,4568,0,,,,,,,,,2018-04-15,
582,,77337,0,,,,,,,,,2018-04-15,
583,,684747,0,,,,,https://www.reddit.com/r/ZapStore//,,,,2018-04-15,
584,,136269,0,,,,,,,,,2018-04-15,
585,,770118,0,,,,,,,,,2018-04-15,
586,WeTrustPlatform,37040,1789,54.0,1.2,0.05,1476044484,https://www.reddit.com/r/WeTrustPlatform/,0.54,0.02,1625.0,2018-04-15,2016-10-09 20:21:24
587,GETprotocol,597181,690,23.0,2.23,0.09,1502268124,https://www.reddit.com/r/GETprotocol/,1.03,0.04,617.0,2018-04-15,2017-08-09 08:42:04
588,,716574,0,,,,,,,,,2018-04-15,
589,,5304,0,,,,,,,,,2018-04-15,
590,,3647,0,,,,,,,,,2018-04-15,
591,,53178,0,,,,,,,,,2018-04-15,
592,,188352,0,,,,,https://www.reddit.com/r/https://www.reddit.com/r/voise//,,,,2018-04-15,
593,eBTC,321189,1012,27.0,2.86,0.12,1506884034,https://www.reddit.com/r/ebtc/,1.23,0.05,926.0,2018-04-15,2017-10-01 18:53:54
594,,729809,0,,,,,,,,,2018-04-15,
595,,28019,0,,,,,,,,,2018-04-15,
596,,78152,0,,,,,,,,,2018-04-15,
597,Novacoin,4579,269,33.0,0.03,0.00,1361019522,https://www.reddit.com/r/Novacoin/,0.03,0.00,170.0,2018-04-15,2013-02-16 12:58:42
598,,182340,0,,,,,,,,,2018-04-15,
599,,5331,0,,,,,,,,,2018-04-15,
600,,374281,0,,,,,https://www.reddit.com/r/blockmason//,,,,2018-04-15,
601,,4345,0,,,,,,,,,2018-04-15,
602,,771553,0,,,,,,,,,2018-04-15,
603,,28154,0,,,,,,,,,2018-04-15,
604,Monero,5038,138181,3246.0,734.26,30.59,1398300490,https://www.reddit.com/r/monero/,34.79,1.45,126975.0,2018-04-15,2014-04-24 00:48:10
605,,716641,0,,,,,https://www.reddit.com/r/OriginTrail//,,,,2018-04-15,
606,,779014,0,,,,,,,,,2018-04-15,
607,arbitrageCT,707530,304,21.0,1.55,0.06,1507492703,https://www.reddit.com/r/arbitrageCT/,0.24,0.01,238.0,2018-04-15,2017-10-08 19:58:23
608,,341328,0,,,,,,,,,2018-04-15,
609,,4537,0,,,,,,,,,2018-04-15,
610,,307219,0,,,,,https://www.reddit.com/r//RCN_token//,,,,2018-04-15,
611,SwftCoin,718353,72,8.0,0.09,0.00,1507930793,https://www.reddit.com/r/SwftCoin/,0.07,0.00,48.0,2018-04-15,2017-10-13 21:39:53
612,INS_Ecosystem,370973,1883,51.0,3.45,0.14,1505775820,https://www.reddit.com/r/INS_Ecosystem/,1.26,0.05,1724.0,2018-04-15,2017-09-18 23:03:40
613,,831932,0,,,,,,,,,2018-04-15,
614,,6103,0,,,,,,,,,2018-04-15,
615,,815372,0,,,,,,,,,2018-04-15,
616,,21357,0,,,,,,,,,2018-04-15,
617,,66685,0,,,,,,,,,2018-04-15,
618,,20691,0,,,,,,,,,2018-04-15,
619,,5374,0,,,,,,,,,2018-04-15,
620,iungo,750134,309,24.0,1.43,0.06,1510068519,https://www.reddit.com/r/iungo/,0.43,0.02,235.0,2018-04-15,2017-11-07 15:28:39
621,,177503,0,,,,,,,,,2018-04-15,
622,,374031,0,,,,,,,,,2018-04-15,
623,PUREaltcoin,370535,322,22.0,1.02,0.04,1507407833,https://www.reddit.com/r/PUREaltcoin/,0.41,0.02,254.0,2018-04-15,2017-10-07 20:23:53
624,,341267,0,,,,,,,,,2018-04-15,
625,,301191,0,,,,,,,,,2018-04-15,
626,,180013,0,,,,,,,,,2018-04-15,
627,Lampix,223283,538,30.0,1.01,0.04,1498514877,https://www.reddit.com/r/Lampix/,0.42,0.02,446.0,2018-04-15,2017-06-26 22:07:57
628,undefined,179345,0,0.0,0.2,0.01,undefined,https://www.reddit.com/r/MyBit_DApp/,0.20,0.01,0.0,2018-04-15,
629,,362846,0,,,,,,,,,2018-04-15,
630,ZEEPIN,731559,10072,34.0,6.09,0.25,1513303083,https://www.reddit.com/r/zeepin/,1.24,0.05,9958.0,2018-04-15,2017-12-15 01:58:03
631,,310812,0,,,,,,,,,2018-04-15,
632,,17857,0,,,,,,,,,2018-04-15,
633,,43044,0,,,,,,,,,2018-04-15,
634,maidsafe,5293,9130,1510.0,1.03,0.04,1390745344,https://www.reddit.com/r/maidsafe/,0.61,0.03,4598.0,2018-04-15,2014-01-26 14:09:04
635,,5301,0,,,,,,,,,2018-04-15,
636,CLOAK,4417,408,8.0,0.07,0.00,1402518589,https://www.reddit.com/r/CLOAK/,0.07,0.00,384.0,2018-04-15,2014-06-11 20:29:49
637,,4429,0,,,,,,,,,2018-04-15,
638,DebitumNetwork,408765,408,13.0,4.08,0.17,1516023474,https://www.reddit.com/r/DebitumNetwork/,1.00,0.04,361.0,2018-04-15,2018-01-15 13:37:54
639,,5305,0,,,,,,,,,2018-04-15,
640,,382450,0,,,,,,,,,2018-04-15,
641,undefined,589881,0,0.0,,,undefined,https://www.reddit.com/r/antondziatkovskii/,,,0.0,2018-04-15,
642,,238733,0,,,,,https://www.reddit.com/r/ambrosus//,,,,2018-04-15,
643,Synereo,18244,1447,45.0,0.56,0.02,1413674284,https://www.reddit.com/r/Synereo/,0.28,0.01,1311.0,2018-04-15,2014-10-18 23:18:04
644,,4350,0,,,,,,,,,2018-04-15,
645,,339617,0,,,,,,,,,2018-04-15,
646,,249821,0,,,,,,,,,2018-04-15,
647,,177157,0,,,,,,,,,2018-04-15,
648,,4574,0,,,,,,,,,2018-04-15,
649,neufund,372377,410,20.0,0.98,0.04,1480530328,https://www.reddit.com/r/neufund/,0.19,0.01,349.0,2018-04-15,2016-11-30 18:25:28
650,,362769,0,,,,,,,,,2018-04-15,
651,,41868,0,,,,,,,,,2018-04-15,
652,WabiToken,340940,8457,54.0,3.58,0.15,1509827631,https://www.reddit.com/r/WabiToken/,1.27,0.05,8288.0,2018-04-15,2017-11-04 20:33:51
653,,314580,0,,,,,,,,,2018-04-15,
654,,20825,0,,,,,,,,,2018-04-15,
655,,836124,0,,,,,,,,,2018-04-15,
656,,4560,0,,,,,,,,,2018-04-15,
657,,129604,0,,,,,,,,,2018-04-15,
658,Aventus,138642,1105,32.0,1.1,0.05,1495208038,https://www.reddit.com/r/Aventus/,0.50,0.02,1007.0,2018-04-15,2017-05-19 15:33:58
659,,61138,0,,,,,,,,,2018-04-15,
660,WingsDAO,25946,1410,73.0,1.11,0.05,1463499150,https://www.reddit.com/r/WingsDAO/,0.46,0.02,1189.0,2018-04-15,2016-05-17 15:32:30
661,,844540,0,,,,,https://www.reddit.com/r/Peculium//,,,,2018-04-15,
662,,710597,0,,,,,,,,,2018-04-15,
663,,13045,0,,,,,,,,,2018-04-15,
664,tierion,186309,2703,60.0,1.98,0.08,1438623010,https://www.reddit.com/r/tierion/,0.71,0.03,2520.0,2018-04-15,2015-08-03 17:30:10
665,Aeternity,190978,8669,2098.0,4.17,0.17,1471365368,https://www.reddit.com/r/Aeternity/,1.38,0.06,2367.0,2018-04-15,2016-08-16 16:36:08
666,ADCN,20907,21,6.0,,,1470806844,https://www.reddit.com/r/ADCN/,0.00,0.00,3.0,2018-04-15,2016-08-10 05:27:24
667,TrinityTNC,711252,1420,33.0,4.77,0.20,1517134811,https://www.reddit.com/r/TrinityTNC/,1.38,0.06,1312.0,2018-04-15,2018-01-28 10:20:11
668,,385952,0,,,,,https://www.reddit.com/r/genesisvision//,,,,2018-04-15,
669,undefined,350476,0,0.0,,,undefined,https://www.reddit.com/r/veztinc/,,,0.0,2018-04-15,
670,,7559,0,,,,,,,,,2018-04-15,
671,,21710,0,,,,,,,,,2018-04-15,
672,,371064,0,,,,,,,,,2018-04-15,
673,DNotes,5322,195,6.0,0.07,0.00,1392691916,https://www.reddit.com/r/DNotes/,0.08,0.00,177.0,2018-04-15,2014-02-18 02:51:56
674,,131154,0,,,,,,,,,2018-04-15,
675,,15282,0,,,,,,,,,2018-04-15,
676,,369132,0,,,,,,,,,2018-04-15,
677,,692869,0,,,,,,,,,2018-04-15,
678,,5296,0,,,,,,,,,2018-04-15,
679,,675134,0,,,,,,,,,2018-04-15,
680,decentraland,199148,11281,2145.0,7.04,0.29,1433357813,https://www.reddit.com/r/decentraland/,1.79,0.07,4832.0,2018-04-15,2015-06-03 18:56:53
681,,296844,0,,,,,,,,,2018-04-15,
682,,4577,0,,,,,,,,,2018-04-15,
683,,788387,0,,,,,https://www.reddit.com/r/Dether//,,,,2018-04-15,
684,,55540,0,,,,,,,,,2018-04-15,
685,,713186,0,,,,,,,,,2018-04-15,
686,,360063,0,,,,,,,,,2018-04-15,
687,,836445,0,,,,,https://www.reddit.com/r/Electrify//,,,,2018-04-15,
688,,598428,0,,,,,,,,,2018-04-15,
689,,339406,0,,,,,,,,,2018-04-15,
690,pepetraders,42663,430,34.0,0.28,0.01,1475039469,https://www.reddit.com/r/pepetraders/,0.13,0.01,328.0,2018-04-15,2016-09-28 05:11:09
691,,20824,0,,,,,,,,,2018-04-15,
692,,4524,0,,,,,,,,,2018-04-15,
693,,15870,0,,,,,,,,,2018-04-15,
694,,372608,0,,,,,https://www.reddit.com/r/RupayaCoin//,,,,2018-04-15,
695,BillionaireTkn,375352,280,19.0,0.41,0.02,1505306888,https://www.reddit.com/r/BillionaireTkn/,0.12,0.01,223.0,2018-04-15,2017-09-13 12:48:08
696,,7567,0,,,,,,,,,2018-04-15,
697,,319130,0,,,,,https://www.reddit.com/r/clearpoll//,,,,2018-04-15,
698,MoedaBanking,341279,337,28.0,0.07,0.00,1504731027,https://www.reddit.com/r/MoedaBanking/,0.11,0.00,253.0,2018-04-15,2017-09-06 20:50:27
699,,667050,0,,,,,,,,,2018-04-15,
700,,33004,0,,,,,,,,,2018-04-15,
701,,348068,0,,,,,,,,,2018-04-15,
702,,771061,0,,,,,,,,,2018-04-15,
703,,236039,0,,,,,,,,,2018-04-15,
704,,318169,0,,,,,,,,,2018-04-15,
705,,646897,0,,,,,,,,,2018-04-15,
706,,531408,0,,,,,,,,,2018-04-15,
707,,20748,0,,,,,,,,,2018-04-15,
708,,625173,0,,,,,,,,,2018-04-15,
709,,847172,0,,,,,,,,,2018-04-15,
710,,341019,0,,,,,,,,,2018-04-15,
711,,836331,0,,,,,,,,,2018-04-15,
712,,694199,0,,,,,,,,,2018-04-15,
713,,792548,0,,,,,https://www.reddit.com/r/NucleusVision//,,,,2018-04-15,
714,HelloGold,234508,587,28.0,2.27,0.09,1488286112,https://www.reddit.com/r/HelloGold/,1.06,0.04,499.0,2018-04-15,2017-02-28 12:48:32
715,addaps,394056,22,5.0,0.01,0.00,1499605230,https://www.reddit.com/r/addaps/,0.06,0.00,7.0,2018-04-15,2017-07-09 13:00:30
716,,5338,0,,,,,,,,,2018-04-15,
717,,816702,0,,,,,,,,,2018-04-15,
718,EverGreenCoin,15885,313,31.0,0.12,0.01,1451845394,https://www.reddit.com/r/EverGreenCoin/,0.10,0.00,220.0,2018-04-15,2016-01-03 18:23:14
719,lbry,23432,4165,47.0,4.5,0.19,1435870765,https://www.reddit.com/r/lbry/,1.20,0.05,4015.0,2018-04-15,2015-07-02 20:59:25
720,viberate,198710,1201,42.0,1.49,0.06,1502962151,https://www.reddit.com/r/viberate/,1.73,0.07,1073.0,2018-04-15,2017-08-17 09:29:11
721,viacoin,5015,2397,66.0,3.71,0.15,1396901326,https://www.reddit.com/r/viacoin/,1.06,0.04,2192.0,2018-04-15,2014-04-07 20:08:46
722,,393656,0,,,,,https://www.reddit.com/r/Viuly//,,,,2018-04-15,
723,,185669,0,,,,,https://www.reddit.com/r/https://www.reddit.com/r/InvestFeed//,,,,2018-04-15,
724,,179947,0,,,,,,,,,2018-04-15,
725,,214738,0,,,,,,,,,2018-04-15,
726,,714255,0,,,,,,,,,2018-04-15,
727,,40806,0,,,,,,,,,2018-04-15,
728,,449573,0,,,,,,,,,2018-04-15,
729,FunfairTech,178978,24118,2045.0,55.02,2.29,1494769314,https://www.reddit.com/r/FunfairTech/,2.78,0.12,17873.0,2018-04-15,2017-05-14 13:41:54
730,,536279,0,,,,,,,,,2018-04-15,
731,Playkey,344086,519,27.0,1.68,0.07,1500294733,https://www.reddit.com/r/Playkey/,0.87,0.04,435.0,2018-04-15,2017-07-17 12:32:13
732,CoinFi,436320,2641,14.0,1.39,0.06,1511365531,https://www.reddit.com/r/CoinFi/,0.59,0.02,2597.0,2018-04-15,2017-11-22 15:45:31
733,,731516,0,,,,,,,,,2018-04-15,
734,swissborg,752993,881,22.0,2.41,0.10,1512999382,https://www.reddit.com/r/swissborg/,1.04,0.04,811.0,2018-04-15,2017-12-11 13:36:22
735,eLTCoin,438867,420,21.0,1.0,0.04,1507410653,https://www.reddit.com/r/eLTCoin/,0.36,0.01,355.0,2018-04-15,2017-10-07 21:10:53
736,Embermine,221350,386,27.0,0.44,0.02,1483347699,https://www.reddit.com/r/embermine/,0.42,0.02,305.0,2018-04-15,2017-01-02 09:01:39
737,,4428,0,,,,,,,,,2018-04-15,
738,,844139,0,,,,,,,,,2018-04-15,
739,,734584,0,,,,,https://www.reddit.com/r/STKToken//,,,,2018-04-15,
740,NEO,27368,105942,5026.0,500.06,20.84,1218122013,https://www.reddit.com/r/NEO/,19.62,0.82,89864.0,2018-04-15,2008-08-07 15:13:33
741,,184237,0,,,,,,,,,2018-04-15,
742,dogecoin,4432,123081,2118.0,146.29,6.10,1386506171,https://www.reddit.com/r/dogecoin/,25.35,1.06,116435.0,2018-04-15,2013-12-08 12:36:11
743,,4346,0,,,,,,,,,2018-04-15,
744,,22325,0,,,,,,,,,2018-04-15,
745,,5387,0,,,,,,,,,2018-04-15,
746,Digibyte,4430,22940,1835.0,75.21,3.13,1389551950,https://www.reddit.com/r/Digibyte/,5.36,0.22,17285.0,2018-04-15,2014-01-12 18:39:10
747,,4353,0,,,,,,,,,2018-04-15,
748,digix,18907,7243,1399.0,5.37,0.22,1440056875,https://www.reddit.com/r/digix/,0.32,0.01,3036.0,2018-04-15,2015-08-20 07:47:55
749,,337162,0,,,,,,,,,2018-04-15,
750,,718673,0,,,,,,,,,2018-04-15,
751,,4629,0,,,,,,,,,2018-04-15,
752,,345420,0,,,,,,,,,2018-04-15,
753,,350048,0,,,,,,,,,2018-04-15,
754,,188400,0,,,,,,,,,2018-04-15,
755,,597629,0,,,,,,,,,2018-04-15,
756,VIVOCoin,341205,490,20.0,1.19,0.05,1504452015,https://www.reddit.com/r/VIVOCoin/,0.60,0.03,428.0,2018-04-15,2017-09-03 15:20:15
757,ITT_Token,232678,273,18.0,0.15,0.01,1500816468,https://www.reddit.com/r/ITT_Token/,0.18,0.01,219.0,2018-04-15,2017-07-23 13:27:48
758,,398705,0,,,,,,,,,2018-04-15,
759,Bibox,757969,5317,1487.0,4.34,0.18,1508712857,https://www.reddit.com/r/Bibox/,1.65,0.07,848.0,2018-04-15,2017-10-22 22:54:17
760,,322963,0,,,,,,,,,2018-04-15,
761,,33936,0,,,,,,,,,2018-04-15,
762,,744987,0,,,,,https://www.reddit.com/r/Elastos//,,,,2018-04-15,
763,,20681,0,,,,,,,,,2018-04-15,
764,,4605,0,,,,,,,,,2018-04-15,
765,,166548,0,,,,,,,,,2018-04-15,
766,Machinecoin,41962,114,20.0,0.05,0.00,1402849314,https://www.reddit.com/r/Machinecoin/,0.06,0.00,54.0,2018-04-15,2014-06-15 16:21:54
767,,320621,0,,,,,,,,,2018-04-15,
768,ExpanseOfficial,12194,1544,80.0,2.87,0.12,1441823349,https://www.reddit.com/r/expanseofficial/,1.46,0.06,1299.0,2018-04-15,2015-09-09 18:29:09
769,,6100,0,,,,,,,,,2018-04-15,
770,,716522,0,,,,,,,,,2018-04-15,
771,experty,388493,149,3.0,0.41,0.02,1503675412,https://www.reddit.com/r/experty/,0.24,0.01,140.0,2018-04-15,2017-08-25 15:36:52
772,,338180,0,,,,,,,,,2018-04-15,
773,,28021,0,,,,,,,,,2018-04-15,
774,,196541,0,,,,,,,,,2018-04-15,
775,thehempcoin,29924,1322,53.0,4.31,0.18,1400223670,https://www.reddit.com/r/thehempcoin/,1.69,0.07,1155.0,2018-04-15,2014-05-16 07:01:10
776,,412112,0,,,,,,,,,2018-04-15,
777,,253667,0,,,,,,,,,2018-04-15,
778,KinFoundation,177918,15677,2095.0,87.08,3.63,1494876154,https://www.reddit.com/r/KinFoundation/,12.64,0.53,9218.0,2018-04-15,2017-05-15 19:22:34
779,,328639,0,,,,,https://www.reddit.com/r/Metaverse_Blockchain//,,,,2018-04-15,
780,,7586,0,,,,,,,,,2018-04-15,
781,creditbit,17547,140,21.0,0.01,0.00,1446625634,https://www.reddit.com/r/creditbit/,0.02,0.00,77.0,2018-04-15,2015-11-04 08:27:14
782,,586482,0,,,,,,,,,2018-04-15,
783,,27591,0,,,,,,,,,2018-04-15,
784,,777557,0,,,,,https://www.reddit.com/r/fidentiax//,,,,2018-04-15,
785,,202049,0,,,,,,,,,2018-04-15,
786,,411647,0,,,,,,,,,2018-04-15,
787,,4616,0,,,,,,,,,2018-04-15,
788,,4438,0,,,,,,,,,2018-04-15,
789,,20728,0,,,,,,,,,2018-04-15,
790,,197054,0,,,,,,,,,2018-04-15,
791,,667139,0,,,,,,,,,2018-04-15,
792,,45258,0,,,,,,,,,2018-04-15,
793,,20594,0,,,,,,,,,2018-04-15,
794,Buzzcoin,28893,188,11.0,1.26,0.05,1514940618,https://www.reddit.com/r/Buzzcoin/,0.60,0.03,153.0,2018-04-15,2018-01-03 00:50:18
795,nulsservice,377792,3567,61.0,10.09,0.42,1510161028,https://www.reddit.com/r/nulsservice/,2.38,0.10,3364.0,2018-04-15,2017-11-08 17:10:28
796,,53950,0,,,,,,,,,2018-04-15,
797,,729627,0,,,,,,,,,2018-04-15,
798,,714811,0,,,,,,,,,2018-04-15,
799,,42837,0,,,,,,,,,2018-04-15,
800,,184298,0,,,,,,,,,2018-04-15,
801,,326286,0,,,,,,,,,2018-04-15,
802,,52015,0,,,,,,,,,2018-04-15,
803,,177139,0,,,,,,,,,2018-04-15,
804,,380571,0,,,,,,,,,2018-04-15,
805,elixirtoken,321177,3135,49.0,8.53,0.36,1504519070,https://www.reddit.com/r/elixirtoken/,1.14,0.05,2971.0,2018-04-15,2017-09-04 09:57:50
806,peercoin,2349,5435,71.0,2.45,0.10,1367454508,https://www.reddit.com/r/peercoin/,1.07,0.04,5218.0,2018-04-15,2013-05-02 00:28:28
807,,788409,0,,,,,,,,,2018-04-15,
808,GATCOIN,349487,325,10.0,1.27,0.05,1506612823,https://www.reddit.com/r/GATCOIN/,0.25,0.01,293.0,2018-04-15,2017-09-28 15:33:43
809,NEO,213532,106863,5409.0,394.29,16.43,1218122013,https://www.reddit.com/r/NEO/,18.70,0.78,89848.0,2018-04-15,2008-08-07 15:13:33
810,,6102,0,,,,,,,,,2018-04-15,
811,,327500,0,,,,,https://www.reddit.com/r/PayPie//,,,,2018-04-15,
812,,179896,0,,,,,,,,,2018-04-15,
813,Peerplays,29348,363,30.0,0.5,0.02,1461860963,https://www.reddit.com/r/Peerplays/,0.31,0.01,272.0,2018-04-15,2016-04-28 16:29:23
814,,257110,0,,,,,,,,,2018-04-15,
815,,815399,0,,,,,,,,,2018-04-15,
816,Campuscoin,228090,468,49.0,4.86,0.20,1502519576,https://www.reddit.com/r/Campuscoin/,1.07,0.04,312.0,2018-04-15,2017-08-12 06:32:56
817,Monetha,208914,2243,50.0,1.47,0.06,1497965758,https://www.reddit.com/r/Monetha/,0.79,0.03,2091.0,2018-04-15,2017-06-20 13:35:58
818,,313967,0,,,,,,,,,2018-04-15,
819,,179164,0,,,,,,,,,2018-04-15,
820,,311558,0,,,,,,,,,2018-04-15,
821,,769416,0,,,,,,,,,2018-04-15,
822,,7599,0,,,,,,,,,2018-04-15,
823,,188615,0,,,,,,,,,2018-04-15,
824,,4371,0,,,,,,,,,2018-04-15,
825,ArkEcosystem,32699,29781,2703.0,82.36,3.43,1476219741,https://www.reddit.com/r/ArkEcosystem/,5.02,0.21,21508.0,2018-04-15,2016-10-11 21:02:21
826,,335127,0,,,,,,,,,2018-04-15,
827,tradeio,372812,17,4.0,,,1511701676,https://www.reddit.com/r/tradeio/,0.01,0.00,5.0,2018-04-15,2017-11-26 13:07:56
828,,765383,0,,,,,,,,,2018-04-15,
829,hacken,517775,869,14.0,1.57,0.07,1505898542,https://www.reddit.com/r/hacken/,0.70,0.03,824.0,2018-04-15,2017-09-20 09:09:02
830,NXT,1183,16774,2478.0,2.45,0.10,1251162674,https://www.reddit.com/r/NXT/,1.37,0.06,9336.0,2018-04-15,2009-08-25 01:11:14
831,,35678,0,,,,,,,,,2018-04-15,
832,,849939,0,,,,,https://www.reddit.com/r/Latium//,,,,2018-04-15,
833,,28276,0,,,,,,,,,2018-04-15,
834,,347450,0,,,,,,,,,2018-04-15,
835,,322002,0,,,,,,,,,2018-04-15,
836,,231674,0,,,,,,,,,2018-04-15,
837,,5348,0,,,,,,,,,2018-04-15,
838,,66270,0,,,,,,,,,2018-04-15,
839,BitDegree,423754,1202,36.0,2.63,0.11,1503920906,https://www.reddit.com/r/BitDegree/,1.17,0.05,1089.0,2018-04-15,2017-08-28 11:48:26
840,,374294,0,,,,,,,,,2018-04-15,
841,,289715,0,,,,,,,,,2018-04-15,
842,undefined,517477,0,0.0,0.01,0.00,undefined,https://www.reddit.com/r/GIFTO-io/,0.01,0.00,0.0,2018-04-15,
843,,136190,0,,,,,,,,,2018-04-15,
844,,347247,0,,,,,https://www.reddit.com/r/UpToken//,,,,2018-04-15,
845,,517483,0,,,,,,,,,2018-04-15,
846,indaHash,708873,622,30.0,3.11,0.13,1507638083,https://www.reddit.com/r/indaHash/,0.64,0.03,526.0,2018-04-15,2017-10-10 12:21:23
847,,4562,0,,,,,,,,,2018-04-15,
848,,357734,0,,,,,,,,,2018-04-15,
849,,396716,0,,,,,,,,,2018-04-15,
850,,202696,0,,,,,,,,,2018-04-15,
851,,4611,0,,,,,,,,,2018-04-15,
852,,380794,0,,,,,,,,,2018-04-15,
853,,28219,0,,,,,,,,,2018-04-15,
854,,198408,0,,,,,,,,,2018-04-15,
855,Quantstamp,397757,13806,1771.0,10.9,0.45,1507641433,https://www.reddit.com/r/Quantstamp/,3.24,0.13,8472.0,2018-04-15,2017-10-10 13:17:13
856,,819702,0,,,,,,,,,2018-04-15,
857,,4321,0,,,,,,,,,2018-04-15,
858,,769546,0,,,,,https://www.reddit.com/r/MakerDAO//,,,,2018-04-15,
859,,335505,0,,,,,,,,,2018-04-15,
860,,369251,0,,,,,https://www.reddit.com/r/HEROcoin//,,,,2018-04-15,
861,loci_io,404890,577,14.0,1.33,0.06,1505670014,https://www.reddit.com/r/loci_io/,0.22,0.01,533.0,2018-04-15,2017-09-17 17:40:14
862,,369151,0,,,,,,,,,2018-04-15,
