,Ticker,code_id
0,LIFE,381189
1,XBY,66694
2,AGI,710156
3,CSNO,202714
4,XBP,710087
5,XBS,5023
6,ORME,301112
7,NYC,247232
8,CAIX,4406
9,AGS,4326
10,B2B,517795
11,CMOS,843278
12,SPX,23435
13,MEGA,33393
14,SPR,3649
15,SPT,4609
16,PSEUD,4588
17,CHASH,3648
18,SPK,645791
19,SPM,21229
20,SPN,196549
21,SPA,4608
22,SPC,7624
23,SPD,847305
24,SPF,639943
25,HILL,30359
26,XPH,7590
27,XPO,29008
28,XPM,5029
29,GP,7625
30,IXC,4541
31,VEGA*,820940
32,XPD,3646
33,ENTRP,207891
34,XPY,5030
35,GB,26194
36,XPS,105220
37,BTTF,33945
38,BYC,5308
39,IXT,141171
40,JNS,34440
41,SND,314865
42,MAR,43814
43,BTX*,6113
44,SNC,179926
45,SIB,20745
46,MAY,348094
47,MAX,4558
48,SNM,136244
49,SNK,196612
50,HIVE,679566
51,SNT,137013
52,PQT,179077
53,SNS,28027
54,MAG,404752
55,XGOX,380754
56,MAN,446051
57,SPHTX,379248
58,BEN,4336
59,CRTM,255489
60,EVC,308072
61,EVE,719223
62,BEE,764334
63,EVX,194883
64,BEX,850836
65,CARBON,21382
66,EVR,340966
67,YBC,3639
68,BET,4337
69,ENE,28174
70,LSD,4552
71,LSK,19745
72,TTT,243013
73,VLX,804376
74,XBC,5391
75,TTC,4627
76,VLR,579189
77,VLT,28225
78,Z2,252359
79,GRW,74894
80,GRT,20438
81,GRS,13070
82,SOLE,4607
83,GRX,439136
84,GRE,5375
85,GRC,5309
86,GRO,755352
87,GRM,7592
88,ZEPH,375396
89,ATKN,310392
90,NOO,41971
91,MPRO,21222
92,HLP,781729
93,PUSHI,799869
94,HLC,749620
95,OPAL,4582
96,CTT,206009
97,CTR,225277
98,FJC,29935
99,CTX,278056
100,FUCK,229060
101,CTC,28083
102,RAVE,769460
103,CTO,6117
104,MOBI,202706
105,WHL,347067
106,QTUM,112392
107,DROP,820902
108,GOOD*,787620
109,DOVU,360827
110,UNITY,20635
111,1ST,28328
112,UNITS,38032
113,PTC**,814149
114,DBET,380712
115,EDC,22185
116,BWK,453855
117,EDG,55676
118,EDO,310297
119,RLC,61877
120,EDR,27634
121,ORO,45262
122,RLX,441616
123,EDT,698092
124,ORI,766681
125,LMC,70469
126,ORB,4583
127,PRIME,20814
128,DPP,466977
129,FARM,847476
130,MOTO,41592
131,SIFT,229420
132,ENTRC,811654
133,UKG,371005
134,RBIT,26121
135,MYST*,4567
136,ARCO,34506
137,LC,25916
138,ONL,684364
139,LA,184163
140,ONG,428300
141,XTROPTIONS,811717
142,AXIOM,8693
143,KEY*,4546
144,PLBT,171884
145,XPB,5346
146,ONT,808414
147,MOOND,28774
148,GBRC,29458
149,LOAN*,363006
150,NTWK,616932
151,HEAT,25917
152,PTS*,4589
153,ANTI,20828
154,RZR,4597
155,EXCL,4442
156,GX,679646
157,ANTC,29758
158,PNX,586567
159,CFI,136984
160,CFD,379232
161,CFC,30123
162,PNK,28772
163,JANE,44955
164,PNC,33873
165,CALC,30029
166,PND,37366
167,BINS,799897
168,HAMS,112363
169,XQN,5400
170,STEEM,20333
171,ATOM*,199107
172,XUP,29460
173,GIM,243079
174,PRE,30024
175,PRG,225764
176,SAN,177863
177,PRC,3638
178,PRM,20304
179,PRL,429355
180,PRO,185695
181,SAF,718463
182,DTCT,223644
183,404,21227
184,PRP,304147
185,SAR,20215
186,JOK,42101
187,PRX,43998
188,SAT,766212
189,CHA,7580
190,AST*,38959
191,CHC,56249
192,MRY,4566
193,MINEX,235021
194,CHG,815418
195,MRT,75475
196,CHI,816745
197,MRV,221349
198,MRP,6412
199,ZIX,836415
200,DTC*,5337
201,CHP,819737
202,NEVA,21669
203,ZIL,716725
204,MAT,320036
205,APX,74912
206,SXDT,731917
207,MTRC,484742
208,DBC,586088
209,JNT,400702
210,DBG,21859
211,HONEY,53915
212,MONEY,35681
213,APC,20722
214,DBR,394055
215,GREXIT,21380
216,HORSE,716736
217,BT1,364317
218,BT2,364348
219,MED*,542140
220,ISL,6094
221,CRE*,777990
222,PIRL,355019
223,TKN,71077
224,HMP,20655
225,HMQ,72438
226,NLC,29010
227,TKR,360229
228,TKS,35124
229,NLG,5315
230,SUB*,100944
231,DBTC,20726
232,TKY,757542
233,DLC,28776
234,GCC,30566
235,PAYP,40842
236,ORLY,22258
237,GCN,199065
238,DLR,34213
239,GCR,12217
240,SHADE,4602
241,DLT,220204
242,BTW,727150
243,BTQ,8763
244,J8T,819799
245,BTS,5039
246,XCE,6455
247,XCJ,194689
248,SSV,4613
249,XCN,5386
250,BTX,198983
251,SSS,771723
252,BTZ,42843
253,XCR,5026
254,XCS,340112
255,COIN*,20714
256,BTF,776828
257,PTOY,129035
258,XCT,78227
259,TIME,33914
260,BTM,4403
261,SSD,5320
262,BTO,707507
263,PROD,836220
264,PROC,71334
265,BTH,620037
266,WYR,350395
267,SLR,5349
268,SPOTS,20205
269,RMS,29928
270,ECC,685098
271,EVN,383953
272,LANA,30544
273,ECO,61047
274,BCX*,536213
275,RMC,381323
276,LNK,238622
277,RBIES,20320
278,BET*,177831
279,CLICK,42680
280,LNC,223246
281,ALQO,402782
282,BETR,749857
283,YAY,40847
284,BBI,811566
285,TRIG,27996
286,TRIA,402884
287,EUC,34849
288,SHIP,830983
289,BBT,398648
290,BBR,5343
291,YAC,5034
292,LEPEN,43602
293,BEZ,811575
294,SOCC,183189
295,TUR,21626
296,VMC,5409
297,ASAFE2,38367
298,ASN,5356
299,TWIST,40839
300,H2O,310867
301,DEUR,21384
302,NBIT,32688
303,AIR*,30182
304,AGRS,191142
305,CASH*,222436
306,CYP,5354
307,TRTL,757589
308,CYT,21706
309,POT,4587
310,FYN,180820
311,POS,370825
312,CLOUT,340816
313,CYC,5392
314,STALIN,49605
315,FYP,464920
316,808,28223
317,CYG,21213
318,LBTC,247246
319,POE,188811
320,POA,793845
321,CWX,584861
322,LEND,418778
323,ARNA*,303888
324,FRN,20991
325,SKIN,198369
326,MILO,74924
327,DUX,105206
328,DICE,89572
329,UNC,8760
330,NICE,43253
331,PAS,847381
332,RIPT,398126
333,CKC,22207
334,PAY,45260
335,SWARM,5342
336,DRZ,7480
337,PAK,17006
338,PAN,837419
339,CCX,34851
340,DCN,218906
341,DCK,28229
342,MINT*,769735
343,BRDD,33875
344,DCC,6114
345,NDC*,764255
346,DCY,181373
347,DCT,25721
348,UNO,4630
349,DCR,16713
350,KC,35230
351,UNRC,779032
352,FSN*,768219
353,CHIEF,37214
354,SIGU,6112
355,SIGT,200941
356,OMG,187440
357,WEX,28882
358,SRC*,59966
359,IHT,831814
360,TKLN,815269
361,SXUT,731943
362,CDX*,26113
363,ANAL,37359
364,VAL,732147
365,INT,692839
366,ROOTS,194906
367,SUCR,617055
368,DMD,4431
369,AET,843275
370,ODNT,34847
371,OROC,180001
372,AEC,20986
373,DMT,192400
374,PARETO,763768
375,CVTC,847402
376,BOAT,57742
377,XDB,20826
378,ACOIN,4323
379,CRDS,392253
380,XDN,5282
381,RIDE,42344
382,BUK,4404
383,BUN,769759
384,XDQ,5347
385,XDP,3655
386,DANK,3640
387,365,33639
388,BIT16,22333
389,XRL,179990
390,XRE,20823
391,XRA,21770
392,XRB,172091
393,XRP,5031
394,PSI,29004
395,DGDC,28278
396,PSD,819787
397,MOT,716659
398,PSY,24871
399,KURT,34602
400,PST,255777
401,MOD,345510
402,ETS,800145
403,BCN,5280
404,KMD,26132
405,BCH,202330
406,ETT,62529
407,GIVE,3641
408,BCD,409492
409,BCF,34854
410,BCA,767384
411,PIE,45832
412,ETC,5324
413,BCX,4335
414,BCY,20315
415,LEMON,21641
416,ETH,7605
417,ETN,361881
418,BCR,5345
419,VRS,33399
420,DETH,40845
421,VRC,5017
422,C2,5396
423,VRM,28323
424,CJ,23734
425,CL,659393
426,CC,5367
427,SRN,380641
428,CF,30119
429,SRT,248243
430,CS,35813
431,CV,713925
432,LDOGE,5339
433,1CR,5406
434,NMR,166594
435,NMS,607521
436,ET4,685306
437,IOC,4540
438,NAMO,348289
439,TDZ,843631
440,TDX,788468
441,NMB,4575
442,NMC,4580
443,TDS,640916
444,EVENT,5405
445,LOC,36988
446,FRWC,24866
447,LOG,6454
448,CSMIC,34215
449,IMPCH,44007
450,LOT,789006
451,EB3,59968
452,POLIS,653274
453,CVC,139467
454,PIZZA,25830
455,QRK,4351
456,QRL,127667
457,DBIC,20198
458,HIRE*,15882
459,BANCA,757568
460,DBIX,57481
461,GBYTE,30736
462,BIO,484355
463,X8X,450337
464,XCASH,5025
465,HTML5,84752
466,HPC,62659
467,HPB,675053
468,GHOUL,8832
469,WEALTH,42440
470,EBC,692707
471,LGBTQ,21215
472,ARDR,30173
473,XDCE,477743
474,EBS,5329
475,TRUST,5384
476,ELITE,360657
477,SPANK,411496
478,EBZ,33636
479,ZYD,28216
480,WDC,5020
481,CANN,4407
482,DRP,188523
483,DRS,33645
484,DRT,311829
485,KOLION,339431
486,STEPS,20724
487,DRXNE,384953
488,DRC,290053
489,DRG,683927
490,XBOT,5022
491,NVST,178885
492,SWEET,30887
493,IOU,77286
494,IOT,127356
495,RVN,794350
496,IOP,42596
497,HVCO,21374
498,ION,20591
499,UIS,5353
500,RVT,176280
501,DRM8,33524
502,DRACO,22248
503,KRAK,23741
504,EVIL,22272
505,NANAS,6453
506,ALEX,45607
507,TRDT,769862
508,BLN*,694303
509,NLC2,195018
510,CXT,63308
511,CWIS,753690
512,CXC,4415
513,XMRG,463101
514,WRC*,71873
515,CXO,745054
516,HZ,5312
517,XSP,35816
518,XST,5032
519,HT,771595
520,XSB,364846
521,XSG,847395
522,XSH,419814
523,XSI,5306
524,VIOR,5407
525,CTIC,79887
526,MNX,389849
527,SCL,255254
528,SKR*,304605
529,ECC*,129013
530,NEBL,222085
531,PTC,5317
532,PTA,39698
533,MNM,20905
534,SCT,30536
535,MNC,4564
536,WNET,206512
537,PTR,783293
538,SCR,393742
539,PBT,84232
540,MLN,45253
541,CAPP,306304
542,CLAM,4416
543,INV*,819601
544,PBC,22171
545,RHOC,434666
546,PBL,402980
547,EGAS,466786
548,RCN*,29374
549,CJT,382617
550,MMXVI,36992
551,VOOT,5016
552,DIGIF,791053
553,FLVR,21878
554,SENSE,305252
555,AVE,362627
556,AVA,248300
557,SUB,221463
558,PROPS,796019
559,DEEP,301119
560,GAME,20157
561,ACAT,801364
562,SUR,177462
563,SUP,3645
564,TEK,5298
565,TEL,683827
566,TEN,780891
567,NBR,769415
568,TEC,42106
569,NBT,5287
570,NBL,4572
571,TER,340067
572,TES,4622
573,BTG*,4402
574,CORE,205549
575,ADT,188858
576,DES,22330
577,CRAVE*,752942
578,GML,4531
579,GMC,5388
580,EBST,368732
581,DNO,756639
582,DNN,659681
583,ADZ,20656
584,ADX,170452
585,HUSH,33460
586,DNT,177175
587,GMX,30424
588,ADB,468052
589,ADC,6108
590,DNR,182288
591,XCPO,597029
592,GMR,750091
593,ADL,127738
594,ADM,833028
595,ADK,841767
596,EDRC,19051
597,GMT,388042
598,ODMC,357404
599,XEC,206539
600,XEL,178861
601,XEM,5285
602,XEN,34324
603,HION,616471
604,BRO,234982
605,KZC,675995
606,BRK,20892
607,BRD,543502
608,BRC,679231
609,HQX,535054
610,BLAZR,60424
611,EMGO,531426
612,TDFB,28176
613,FC2,4446
614,ZSC*,845270
615,DISK,21652
616,QCN,7650
617,ATFS,375855
618,RKT,801429
619,MAT*,108094
620,EAC,4437
621,BCDN,732197
622,LALA,831848
623,GJC,320412
624,RKC,194924
625,ESS,842171
626,TRON,5299
627,KLC,33405
628,ETHD,310754
629,METAL,5373
630,ETHB,412197
631,BCD*,419930
632,SCN,28880
633,ETHS,20448
634,VST,692727
635,LTB,4553
636,VSX,325279
637,VSL,32880
638,SOAR,388145
639,EOC,44803
640,MNT,240322
641,BLAS,253707
642,DIVX,431413
643,RYC,4596
644,EOS,166503
645,RYZ,339804
646,DLISK,23743
647,BUCKS*,7481
648,CLINT,22191
649,CCOS,542719
650,BLITZ,15879
651,SMT**,344097
652,CROAT,731596
653,LHC,750272
654,FIT,29133
655,CORAL,35232
656,LELE,820526
657,EXRN,710098
658,PIGGY,7577
659,FIL,213663
660,SNGLS,24926
661,MND,15888
662,MNE,84831
663,WILD,339533
664,SP,33332
665,DOGETH,33403
666,PCS,32686
667,CMC,4419
668,KUBO,22262
669,M1,6115
670,PCM,35228
671,CMT,22354
672,CMS,374358
673,CMP,176004
674,XCI,35955
675,MAG*,235993
676,WOLF,3653
677,CJC,58125
678,ERC20,597540
679,FLAP,4445
680,WGC,24402
681,WGO,61667
682,WAVES,20131
683,DSR,423297
684,DRPU,763535
685,DSH,20196
686,WGR,178467
687,DSB,4435
688,COOL,4423
689,MG,29001
690,HYPER,5371
691,MC,27594
692,MM,44959
693,INV,29713
694,MN,4563
695,MI,12225
696,TKN*,22458
697,MT,29378
698,INN,374211
699,GBIT,42103
700,AV,38026
701,INK,674918
702,IND,185953
703,DTT*,363066
704,GLYPH,4530
705,INC,38967
706,REAL,198490
707,DON,61073
708,GLA,318704
709,NETKO,53174
710,GLC,4527
711,GLD,4528
712,SQOIN,814361
713,GLX,4529
714,FSBT,711359
715,COSS,186335
716,DOR,763639
717,EBIT,748907
718,GLT,449614
719,DOT,20339
720,BSX,843586
721,GIFT,38962
722,BST,15272
723,XFC,6452
724,SETH,419209
725,ZOOM,22245
726,BSR,769824
727,BSD,22329
728,XFT,625458
729,BSC,7482
730,AUA,659663
731,INVOX,803996
732,AUC,792023
733,NEBU,20980
734,ELLA,384651
735,XTZ,166390
736,AUN,222200
737,MCAR,45612
738,AUR,4333
739,XTC,5321
740,AUT,206001
741,XTO,744880
742,MRS,5410
743,CAT,194567
744,GRID*,5323
745,SBC,4599
746,HOLD*,850875
747,SBD,23728
748,TBCX,45609
749,PUT,23737
750,ORE,645766
751,MMC,5389
752,ERT,328784
753,I0C,16123
754,BAT,107672
755,BAR,354771
756,BAS,586638
757,ERR,44749
758,OMNI,22441
759,XHI,20202
760,RIPO,4593
761,ERY,42694
762,BAX,784595
763,BAY,5300
764,RNDR,348131
765,BNX,56682
766,GEN*,843576
767,BAC,20348
768,ERB,28665
769,SHND,659488
770,BAN,43247
771,HAL,4533
772,ERO,439579
773,MWAT,770254
774,ZET2,28136
775,CELL,5297
776,XAS,218107
777,HAC,321347
778,STA,150519
779,STC,776935
780,BASHC,791041
781,STN,692879
782,HODL,18670
783,EQT,105263
784,MDC*,373980
785,NEOS,5370
786,STV,5328
787,STP,411271
788,STQ,777187
789,STS,21650
790,STX,204716
791,TFL,150545
792,KREDS,777643
793,TFD,784553
794,GTC*,719426
795,EDGE,6339
796,GENE,600395
797,QLC,637681
798,ECOB,171390
799,ELTC2,339581
800,ROYAL,30386
801,LIV,33271
802,FND,180840
803,UBTC,706900
804,LIR,23423
805,BNB,204788
806,FNO,847312
807,SPEND,731042
808,LIZ,792136
809,FILL,793815
810,OMC,5365
811,BITOK,81445
812,VAPOR,30016
813,WTT,179109
814,ACE,294364
815,UNAT,5381
816,POLY*,744820
817,ONX,201676
818,WTC,299397
819,RC,37361
820,XAUR,25082
821,TPG,32882
822,QBT,59317
823,ACN,35949
824,QBC,38371
825,QBK,5361
826,BASH,33129
827,HRB,176336
828,WISC,48794
829,MLITE,49600
830,TRUMP,20270
831,WISH,411620
832,8BIT,5327
833,KAT,21224
834,KICK,202849
835,XNG,35953
836,COLX,20903
837,GRLC,718975
838,EFYT,165555
839,SWING,20920
840,XNK,794362
841,WCT,43042
842,XMCC,222133
843,SLING,5302
844,UGC,369179
845,PLNC,34493
846,EDDIE,348256
847,MAD,131079
848,RFR,795662
849,OXY,242873
850,ENG,338335
851,ENJ,283116
852,ENK,787669
853,DOGED,17549
854,NBX,784589
855,ENT,34609
856,RT2,4595
857,LUX*,6341
858,F16,108099
859,RFL,436162
860,LEAF,789144
861,IETH,667344
862,GEMZ,5310
863,CZC,327250
864,ATB,175618
865,AIDOC,684818
866,ATL,235213
867,ATM,368694
868,UTIL,5013
869,CCRB,35818
870,ATS,345017
871,INF8,84262
872,XUN,436007
873,ATX,33871
874,SET,675692
875,SEQ,131112
876,PLANET,56654
877,BRAIN,30373
878,SMART,199901
879,SEN,28778
880,SEL,41967
881,JKC,4543
882,FRC,4521
883,CLN,789504
884,CLO,811474
885,FRE,34489
886,FRD,409128
887,FRK,4522
888,IML,184187
889,IMS,68093
890,IMV,708401
891,IMX,58121
892,CLV,13074
893,PDC,22352
894,XNC*,41866
895,CLR,4418
896,CARE,760878
897,MTLM3,34754
898,ZEC,24854
899,NUKE,44799
900,ZED,5036
901,STR*,8767
902,BKX,241757
903,ZEN,116180
904,ZER,51845
905,ZET,4347
906,INFX,20446
907,SWH,848774
908,ACCO,619929
909,FOREX,30361
910,SWM,755563
911,SHIFT,38307
912,DB,6116
913,BPL,384729
914,BPT,715749
915,BTCL*,29370
916,DNA,180804
917,DT,3643
918,SWT,50741
919,DP,182325
920,CESC,6104
921,TGT,472769
922,BOTC,838249
923,PIVX,42433
924,BTSE,637960
925,TGC,4623
926,BOTS,28125
927,XPRO,38380
928,GOA,645830
929,GOC,838328
930,MLS,234707
931,MLT,698425
932,XCRE,34604
933,GOT,63304
934,DHT,786661
935,CFT,182258
936,NRO,447315
937,NRN,307406
938,ACC*,716854
939,NRC,44001
940,NRB,4576
941,XGB,41989
942,SRNT,698269
943,NRS,4578
944,XGR,71862
945,BXC,45031
946,QAU,170958
947,GXC*,339847
948,WC,5019
949,ADA,321992
950,ADN,21007
951,WT,746288
952,ZNE,28227
953,MIN,4561
954,HSR,318199
955,LTBC,5369
956,HSP,35687
957,HST,374246
958,RIC,4352
959,ARI*,235221
960,YOVI,22254
961,XID,199026
962,PASC,40811
963,PASL,50754
964,RISE,22015
965,KNC,310497
966,XIN,372654
967,BNT,22327
968,BNK,384605
969,EQM,6093
970,EQL,777667
971,ENTER,24307
972,BNC,215570
973,KNW,812669
974,EQB,188300
975,HAT,563196
976,HAV,816635
977,SYC,185873
978,ZEIT,20908
979,BRX,299415
980,YEE,719272
981,SYS,4618
982,LXC,4556
983,YES,40990
984,SPEC,8716
985,EMD,4441
986,Q2C,638297
987,EMC,15876
988,EMB,33942
989,NAUT,4570
990,BELA,21239
991,GHC,5336
992,EMT,247322
993,RGC,345065
994,HELL,801234
995,ZNY,8762
996,LDC,851001
997,DAXX,453647
998,SDRN,674829
999,CIRC,7484
1000,LDN,844279
1001,LDM,409363
1002,FOOD,413886
1003,SMSR,28650
1004,ROOT,28326
1005,ARENA,201896
1006,AMBER,5332
1007,FOR,661719
1008,CLUB,15869
1009,CLUD,21359
1010,SMAC,5350
1011,FUND,797481
1012,ECHT,344337
1013,FUNC,179018
1014,DNET,20346
1015,TODAY,28317
1016,INXT,344988
1017,SANDG,28770
1018,EVN*,800022
1019,KNC**,402805
1020,WINK,201962
1021,JOY,719361
1022,FLIXX,408849
1023,WINE,32691
1024,FSC,5359
1025,PEX,33010
1026,ILC,75440
1027,COV,338426
1028,COX,22326
1029,CHIP,8696
1030,PWR,20236
1031,FSN,28081
1032,PEN,33127
1033,COB,234811
1034,FST,4523
1035,FIST,33526
1036,KUSH,42687
1037,PEC,30423
1038,ZBC,45250
1039,THNX,228146
1040,CASH,4409
1041,KLKS,517193
1042,FUNK,789115
1043,ULTC,4628
1044,FAIR,5313
1045,DIME,21365
1046,COMP,789170
1047,COMM,4422
1048,WAY,27681
1049,WAX,338541
1050,MOIN,20744
1051,GROW,20600
1052,DROP*,28767
1053,CO2,802875
1054,SNRG,8825
1055,UFO,5355
1056,LUCKY,32875
1057,TESLA,32873
1058,RUP,345801
1059,ALIS,331603
1060,TELL,28172
1061,GNR,676163
1062,DIM,180678
1063,SAT2,4598
1064,AIX,187030
1065,GNT,33022
1066,RUBIT,30369
1067,GNX,619375
1068,DIG,800121
1069,INSN,105284
1070,AIR,338555
1071,MKR,41192
1072,GNJ,30521
1073,AID,368770
1074,GNO,66193
1075,AIC,847135
1076,AIB,20806
1077,CHF,817013
1078,VIBE,336538
1079,VPRC,20718
1080,RNTB,848115
1081,HALAL,752863
1082,OBITS,15323
1083,ECASH,355117
1084,NSR,5295
1085,OLYMP,29715
1086,UTC,5012
1087,XVP,57734
1088,UTH,21219
1089,AERO,4324
1090,UTN,466492
1091,IW,34334
1092,CLD,370606
1093,VOLT,55553
1094,MESH,843515
1095,IRL,660438
1096,UTT,587261
1097,IN,37210
1098,XVC,5303
1099,RUFF,744910
1100,XVE,59973
1101,XVG,4433
1102,OPC,718435
1103,SDP,30019
1104,TBAR,815247
1105,SDC,4600
1106,VLTC,50730
1107,HBN,4534
1108,PARA,44957
1109,EPY,7564
1110,XJO,5027
1111,BOS,116384
1112,NAN,4569
1113,BOU,241804
1114,HBC,589829
1115,NAS,619555
1116,COR,179980
1117,NAV,4571
1118,CHESS,22407
1119,BON,21869
1120,HBZ,758066
1121,HBT,247391
1122,BOB,7635
1123,SHLD,4603
1124,BOG,188677
1125,MBIT,55547
1126,SXC,4348
1127,PRFT,763700
1128,LYB,13281
1129,LYC,4557
1130,LYM,767260
1131,LYK,765465
1132,TROLL,661619
1133,JVY,331207
1134,BQC,4343
1135,SVD,791282
1136,AXYS,799948
1137,GOTX,21875
1138,SPD*,792725
1139,XSPEC,42598
1140,BQX,141464
1141,GXC,247350
1142,2GIVE,20910
1143,BAC*,329507
1144,COC,30925
1145,EBET,345159
1146,GXS,659770
1147,COE,201701
1148,BTPL,182346
1149,FLY,21370
1150,FLX,21244
1151,LKK,130939
1152,FLP,337863
1153,FLS,645879
1154,FLASH,326222
1155,FLT,4449
1156,32BIT,30428
1157,APT,60419
1158,FLO,5325
1159,LKY,4551
1160,FIND,48807
1161,VDO,5014
1162,W3C,819663
1163,ESP,130951
1164,QVT,205980
1165,AION,431235
1166,CON,12985
1167,TRI,5341
1168,USDE,5011
1169,TRK,5351
1170,PYN,304833
1171,USDC,810258
1172,TRA,29926
1173,TRC,4626
1174,TRF,777368
1175,USDT,171986
1176,TRX,310829
1177,KOBO,3642
1178,ATCC,339419
1179,SAK,22268
1180,TRV,255293
1181,PYC,4591
1182,HTC,20153
1183,LTCX,4555
1184,MUDRA,25820
1185,KCN,205967
1186,ALTCOM,369110
1187,LTCR,38370
1188,LTCH,808190
1189,KCS,348628
1190,LTCD,4554
1191,BCAP,72955
1192,ZUR,30391
1193,ZUP,808252
1194,QASH,402714
1195,SPX*,683963
1196,FIBRE,4448
1197,NXTI,3650
1198,CABS,196986
1199,SILK,4604
1200,MOJO,21232
1201,SHORTY,35226
1202,NIHL,789789
1203,BCO*,422188
1204,MCRN,67430
1205,FLUZ,844476
1206,TECH,43595
1207,ODN,319075
1208,UET,191037
1209,RRT,30020
1210,ICOS,207775
1211,ELI,801531
1212,OLV,75285
1213,ELM,339933
1214,ELC,4439
1215,J,5335
1216,ELF,571314
1217,ELE,30550
1218,RDD,4592
1219,ICOB,34499
1220,Q1S,740271
1221,ELS,42685
1222,ELP,801286
1223,RDN,6098
1224,AEON,20730
1225,ICOO,199363
1226,ICON,35825
1227,LEA,30117
1228,SMLY,8694
1229,LEO,33001
1230,EXIT,22180
1231,LEV,332804
1232,STHR,21833
1233,CQST,37195
1234,USC,100954
1235,ONION,198967
1236,WAN,240142
1237,CAT*,185689
1238,ARGUS,70352
1239,DTC**,778908
1240,CAT1,4410
1241,NIC,35947
1242,BRONZ,28888
1243,XWC,20338
1244,USX,767334
1245,BNB*,60622
1246,AURS,341400
1247,SGR,661777
1248,STAR*,21775
1249,PXI,15274
1250,XIOS,360740
1251,AURA,708404
1252,SGN,715817
1253,PXC,4590
1254,BNTY,543363
1255,PRPS,715622
1256,PHR*,377831
1257,CNT,70365
1258,ICN,25921
1259,FIRE,29196
1260,ICB,4538
1261,ICE,199004
1262,START,5289
1263,CND,338070
1264,ICX,324068
1265,CNC,4420
1266,CNO,42438
1267,CNL,4421
1268,ZCG,431170
1269,KAYI,57705
1270,ZCC,5035
1271,ZCL,32544
1272,DXT,765943
1273,SNOV,311853
1274,TRIP,329767
1275,HMT,808292
1276,PFR,409155
1277,FAZZ,60409
1278,INCNT,35823
1279,INDI,351078
1280,RATIO,43046
1281,SAGA,659724
1282,TRICK,34483
1283,PRIX,257772
1284,JWL,27674
1285,ACES,45617
1286,UNIFY,182364
1287,GAIA,5383
1288,TAT,43933
1289,TAU,405291
1290,COV*,28151
1291,KRONE,247703
1292,BBT*,198474
1293,FLX*,781071
1294,TKT,311176
1295,ALTOCAR,240439
1296,TAG,4619
1297,TAB,27993
1298,TAM,6411
1299,TAJ,57750
1300,TAK,4620
1301,JIF,30177
1302,BTCZ,327184
1303,XPTX,385933
1304,BTCR,28764
1305,BTCP,770095
1306,GIZ,21378
1307,EON,255546
1308,GIG,5366
1309,LION,848906
1310,BTCH,791324
1311,BTCM,429400
1312,BTCL,486837
1313,REBL,370889
1314,BTCA,531559
1315,BTCE,463700
1316,BTCD,4400
1317,LOOM,836492
1318,LOOK,36984
1319,UETL,769367
1320,NPC,34491
1321,NPX,187015
1322,AHT,175611
1323,RICE,78190
1324,VIEW,838344
1325,TSL,659973
1326,GUE,4532
1327,TSE,49610
1328,GUN,645936
1329,GUP,67096
1330,BOXY,465681
1331,MARYJ,5363
1332,HUC,4535
1333,TPAY*,745017
1334,HUR,849743
1335,KBR,674980
1336,BCR*,784396
1337,SPORT,29200
1338,ITNS,522090
1339,BLX,241634
1340,BLZ,752710
1341,BLU,4340
1342,BLT,638634
1343,TRCT,371004
1344,HCC,30371
1345,SJCX,5288
1346,DRKT,7483
1347,TRCK,815627
1348,BTG,347235
1349,BLK,4339
1350,CRACK,4424
1351,KB3,777407
1352,SPRTS,8761
1353,UFR,404806
1354,BLC,5362
1355,WAGE,645913
1356,CHOOF,31002
1357,SEEDS,35027
1358,BTCS,71321
1359,EMC2,4440
1360,EKO,704135
1361,EKN,5281
1362,REX,310589
1363,REP,17778
1364,REQ,335059
1365,REV,22169
1366,DIN,819678
1367,REN,788239
1368,REM,625010
1369,REC,322013
1370,REA,362039
1371,REF,731629
1372,RED,79864
1373,REE,22418
1374,FCS,6101
1375,FCT,13280
1376,LFC,30388
1377,LGD*,4549
1378,FUZZ,21708
1379,AIT,777027
1380,FCN,5385
1381,LTS,7600
1382,NYX,765701
1383,LTC,3808
1384,VEG,55544
1385,LTA,234526
1386,VEE,306482
1387,LTG,409422
1388,LTD,38030
1389,VEN,236131
1390,LTH,28885
1391,XCD,726598
1392,UCASH,299774
1393,ABT*,758055
1394,HNC*,373880
1395,MAG**,778961
1396,SH,28890
1397,SC,13072
1398,GUNS,185625
1399,QUN,716767
1400,RUSTBITS,310553
1401,MEDI,233044
1402,FUTC,6343
1403,CAS,319254
1404,CAP,4408
1405,CAV,340776
1406,XCO,5408
1407,CAN,327632
1408,CAM,5398
1409,CAB,20212
1410,STEX,404775
1411,CAG,341422
1412,MNTS,791211
1413,INCP,22264
1414,MRSA,41116
1415,PGC,812842
1416,PINKX,29193
1417,PGN,843333
1418,SHREK,21907
1419,PGL,222125
1420,XCP,5292
1421,DOC*,707515
1422,COAL,453581
1423,DYN,131111
1424,BTA,16125
1425,PROOF,791305
1426,BTC,1182
1427,611,20909
1428,RAIN,67462
1429,ZRX,186277
1430,GRID,385907
1431,WCG,679479
1432,CREA,48787
1433,CACH,4405
1434,MBI,180539
1435,HZT,35811
1436,CRED,502301
1437,NIMFA,234596
1438,ZNA,318794
1439,XXX,5033
1440,MIL,7581
1441,MIO,845211
1442,GHS,5307
1443,ADST,194530
1444,ACT*,446372
1445,LINK,309621
1446,DKC,30920
1447,ZNT,197886
1448,MNY,208001
1449,MIS,37190
1450,GAP,20659
1451,MIV,177759
1452,MEOW,431370
1453,STRAT,24294
1454,VIDZ,38964
1455,XZC,30022
1456,MNZ,341059
1457,LIPC,800232
1458,DGORE,29904
1459,URO,4631
1460,BCOIN,536905
1461,IPC,182396
1462,PYP,491325
1463,SFU,693690
1464,SFR,4601
1465,IPL,718398
1466,ASTRO,387875
1467,ACTN,808094
1468,SFE,30169
1469,SFC,44952
1470,NAS2,16717
1471,XLM,4614
1472,NGC,466339
1473,KORE,5318
1474,XLC,198337
1475,XLB,5028
1476,HDG,237407
1477,ePRX,836266
1478,BLOCKPAY,28204
1479,XLR,61061
1480,BMC,304184
1481,DENT,141331
1482,BMT,481737
1483,UTK,236358
1484,BUBO,844325
1485,SHP,364472
1486,JTX,371902
1487,BM*,345544
1488,NUBIS,30393
1489,EA,45821
1490,EC,30367
1491,SHA,718565
1492,POST,20444
1493,BRIT,182416
1494,EQ,198698
1495,EBCH,371095
1496,TRIBE,186253
1497,ECA,409249
1498,MGO,55650
1499,MGN,675758
1500,PULSE,21012
1501,AMIS,57676
1502,STOCKBET,313988
1503,CNBC,431621
1504,LUX,351720
1505,SPHR,6111
1506,XUC,184221
1507,OCTO,5393
1508,LUC,694313
1509,VULC,777717
1510,IC,849815
1511,LUN,67447
1512,TENNET,30421
1513,EPY*,388076
1514,SDAO,203183
1515,QTZ,7595
1516,BITB,4338
1517,WPR,355242
1518,PUT*,793802
1519,BITZ,7626
1520,ATM*,28023
1521,X2,29376
1522,QTL,4349
1523,BITS,5368
1524,BTE,4401
1525,VTA,20680
1526,VTC,5018
1527,GTC,667239
1528,XC,5024
1529,XG,5376
1530,VTN,848860
1531,VTR,5372
1532,BERRY,784762
1533,XAI*,191228
1534,DADI,778953
1535,XP,318154
1536,BTD,28089
1537,XT,24885
1538,KEK,368743
1539,HVN,179329
1540,ZENI,56253
1541,APPC,346812
1542,HVC,4536
1543,KED,42435
1544,LCWP,779599
1545,KEY,360299
1546,KEX,234766
1547,PCN,486886
1548,SCRPT,23429
1549,SPICE,737883
1550,BBN,843613
1551,IPC*,776863
1552,888,29462
1553,BIFI,771805
1554,ZSE,79875
1555,TLP,843567
1556,WBB,5319
1557,DUCK,56678
1558,NDOGE,45044
1559,DPAY,29718
1560,EMIGR,29556
1561,RPC,4594
1562,TWLV,6105
1563,TEAM,30523
1564,UCN,849732
1565,NODE,5402
1566,RBY,5316
1567,RBX,73143
1568,DOPE,28332
1569,RBT,8695
1570,RBR,5399
1571,GPU,20650
1572,STORJ,187347
1573,STORM,186875
1574,HXT,338018
1575,VERI,136211
1576,ATMS,61902
1577,DRGN,355702
1578,LGO,710370
1579,OTN,370726
1580,SMNX,218221
1581,LGD,66259
1582,OTX,188294
1583,OLDSF,20640
1584,ROCK*,384950
1585,FUEL,292748
1586,DBC*,848257
1587,AXR,4334
1588,AXP,727769
1589,AXT,372029
1590,UQC,418694
1591,BTB,4399
1592,VTY,30126
1593,BRC*,683943
1594,BIGUP,20819
1595,VTX,30377
1596,TIX,175671
1597,JC,770043
1598,LCASH,378830
1599,RDN*,372369
1600,AHT*,186064
1601,GBT,20214
1602,NEXT,848051
1603,PZM,77306
1604,TIT,4624
1605,IWT,232556
1606,BM,24405
1607,BBP,779041
1608,C20,339632
1609,FRAC,4450
1610,BOT,660947
1611,SOON,5403
1612,DASH,3807
1613,BSTAR,35684
1614,EXMR,767755
1615,FRAZ,247259
1616,PHO,608140
1617,BURST,5286
1618,ZAB,363992
1619,QWARK,116425
1620,PART,191116
1621,MZC,4568
1622,PHS,4585
1623,PHR,77337
1624,BCCOIN,35165
1625,XSEED,8683
1626,ZAP,684747
1627,GUESS,327608
1628,UAEC,45816
1629,JOBS,29762
1630,SKR,385866
1631,SKY,136269
1632,SKC,770118
1633,SKB,6099
1634,TRST,37040
1635,GES,377508
1636,GER,531089
1637,GET,597181
1638,WISH*,326082
1639,GAKH,38277
1640,TCT,716574
1641,TCR,20441
1642,CRAVE,5304
1643,GEA,421896
1644,GEO,3647
1645,GEN,7588
1646,LIMX,4354
1647,ZOI,53178
1648,VOISE,188352
1649,DGMS,34496
1650,VISIO,62648
1651,MDT*,714866
1652,DDF,180595
1653,EBTC,321189
1654,DDD,729809
1655,AND,30568
1656,ANC,27370
1657,BITCNY,28019
1658,ANT,78152
1659,NVC,4579
1660,REPUX,719307
1661,SOJ,237385
1662,S8C,38310
1663,TMT,301150
1664,VUC,182340
1665,PRE*,186331
1666,TMC,5284
1667,TME,199887
1668,LOC*,517896
1669,RIYA,238571
1670,KDC,4545
1671,VVI,781079
1672,NDC,188787
1673,XMG,5331
1674,BCPT,374281
1675,XMY,4345
1676,KRM,771553
1677,KRB,28154
1678,KRC,30379
1679,XMR,5038
1680,XMS,6110
1681,TRAC,716641
1682,USOAMIC,844436
1683,TOKC,779014
1684,GOAT,37356
1685,PRES,42841
1686,ARCT,707530
1687,WSC,380671
1688,RCX,20218
1689,RCT,749006
1690,WSH,301216
1691,ILT,769483
1692,ZSC,341328
1693,HYP,4537
1694,eFIC,756726
1695,RCN,307219
1696,HYS,779488
1697,SWFTC,718353
1698,WSX,68084
1699,INS,370973
1700,ARCH,4331
1701,RCC,196591
1702,LEDU,831932
1703,NXS,6103
1704,IPBC,815372
1705,WBTC*,62640
1706,BOLI,21357
1707,VEC2,22434
1708,ROCK,323817
1709,BUCKS,66685
1710,IBANK,23745
1711,GOOD,253766
1712,GOON,28221
1713,RING,28657
1714,YOC,20691
1715,LVG,38312
1716,007,5294
1717,CNMT,25825
1718,LVL,836048
1719,PINK,5374
1720,ING,750134
1721,NXTTY,5360
1722,PING,177503
1723,PURA,374031
1724,PURE,370535
1725,RPX,341267
1726,ARC*,435659
1727,NYAN,4581
1728,CFT*,241536
1729,STCN,237428
1730,CCT,301191
1731,DARK,61066
1732,CCN,4412
1733,POP,586409
1734,CCC,210595
1735,OAX,180013
1736,POKER,799922
1737,PIO,28342
1738,FLIP,784981
1739,PIX,223283
1740,FLIK,329562
1741,MYC,20661
1742,MYB,179345
1743,BTDX,362846
1744,ZPT,731559
1745,DUBI,715640
1746,WMC,21871
1747,XPOKE,25817
1748,FAME,33268
1749,SUMO,310812
1750,OK,17857
1751,UBQ,43044
1752,OC,5357
1753,MAID,5293
1754,NTRN,5301
1755,CFTY,711418
1756,SCT*,348278
1757,HALLO,29552
1758,GRWI,207931
1759,SISA,748858
1760,CLOAK,4417
1761,JDC,232607
1762,MWC,6107
1763,ZLQ,39704
1764,DEM,4429
1765,SMF,43257
1766,DEA,79849
1767,DEB,408765
1768,DEC,417510
1769,AKA,830940
1770,BLOCK,5305
1771,CREDO,382450
1772,ACID,39700
1773,AMM,589881
1774,CYDER,698206
1775,AMC,4327
1776,AMB,238733
1777,AMY,59304
1778,SERA,842468
1779,AMP,18244
1780,AMS,15284
1781,AMT,243045
1782,ORGT,836456
1783,TAP,81403
1784,XBTY,769965
1785,MINE,5379
1786,300,749869
1787,XBTS,29131
1788,SQL,7565
1789,CWV,446121
1790,EQUI,753333
1791,MDL,364051
1792,ENRG,4350
1793,POWR,339617
1794,IVZ,20679
1795,ACC,249821
1796,OPES,42850
1797,PAVO,843642
1798,EMPC,63312
1799,SKULL,769855
1800,NEF,112405
1801,XNX,21773
1802,NEC,4573
1803,XNA,6097
1804,XNC,33939
1805,ACP,6476
1806,JIO,34332
1807,ACT,177157
1808,NET,4574
1809,NEU,372377
1810,XNN,362769
1811,HXX,41868
1812,WABI,340940
1813,CRAFT,29711
1814,EARTH,324012
1815,SALT,314580
1816,MEME,20825
1817,BTCGO,811673
1818,VRP*,338140
1819,INPAY,61912
1820,NFN,851117
1821,MEE,836124
1822,MED,4560
1823,HIRE,198458
1824,MEC,4559
1825,ZRC,129604
1826,AVT,138642
1827,AC3,517389
1828,MET,221605
1829,GDC,4526
1830,BOOM,5378
1831,MER,61138
1832,SSTC,20644
1833,CREVA,6451
1834,WINGS,25946
1835,FONZ,28703
1836,QSLV,6095
1837,IPSX,844540
1838,EQUAL,30883
1839,CRPT,710597
1840,CRPS,41590
1841,LWF,677648
1842,TX,13045
1843,TT,843543
1844,WELL,653806
1845,POINTS,4586
1846,TNT,186309
1847,AC,4322
1848,AE,190978
1849,KING,196560
1850,ADCN,20907
1851,AM,5330
1852,SCOOBY,769499
1853,LGR,767363
1854,TNC,711252
1855,ATOM,29721
1856,GVT,385952
1857,VZT,350476
1858,RYCN,32548
1859,NKA,7559
1860,NKC,21710
1861,BTCRED,371064
1862,BENJI,71884
1863,BITSD,198251
1864,NOTE,5322
1865,EZM,319029
1866,KGC,4547
1867,MCAP,131154
1868,NKT,5334
1869,SUPER,4615
1870,EZC,4444
1871,CPL,815308
1872,CPN,625381
1873,CPC,15282
1874,OST,369132
1875,DCS.,26129
1876,CPY,692869
1877,WLK,198703
1878,XDE2,22430
1879,XTL,849722
1880,MONA,5296
1881,ARPA,60618
1882,MONK,675134
1883,MANA,199148
1884,DRKC,4434
1885,DTRC,764096
1886,BMXT,213113
1887,HEEL,38035
1888,VOYA,24305
1889,WRC,296844
1890,NOBL,4577
1891,CABS*,357413
1892,WRT,299811
1893,MAN*,732161
1894,ARBI,334856
1895,ROS,5380
1896,SHPING,782954
1897,LAB,405343
1898,PAC,44003
1899,LAZ,28700
1900,LAT,237269
1901,FFC,4447
1902,FOXT,832078
1903,XSN,35030
1904,DTH,788387
1905,DTC,369209
1906,DTB,55540
1907,DTA,713186
1908,BOSON,33869
1909,DTX,713947
1910,VERSA,7562
1911,DTR,360063
1912,DTT,313176
1913,ELEC,836445
1914,MARV,22428
1915,OKOIN,839311
1916,HTML,598428
1917,FTP,28131
1918,NTO,339406
1919,VANY,784462
1920,PEPECASH,42663
1921,1337,20824
1922,CLR*,848134
1923,FTC,4524
1924,NTC,29366
1925,CBC,810719
1926,XCXT,253688
1927,CBD,33008
1928,MXT,53944
1929,RADI,39707
1930,CBS,791176
1931,RADS,15870
1932,CBT,709053
1933,RUPX,372608
1934,CBX,4411
1935,XBL,375352
1936,FX,28336
1937,CRYPT,4427
1938,IFLT,32775
1939,POLY,7567
1940,FC,307112
1941,XTRA,608756
1942,ETKN,832079
1943,POLL,319130
1944,SMC,4606
1945,GGS,180716
1946,MDC,28128
1947,MDA,341279
1948,MDX,808364
1949,MDS,667050
1950,MDT,33004
1951,WOMEN,348068
1952,JEW,771061
1953,JET,666891
1954,DFT,236039
1955,LRC,318169
1956,DFS,646897
1957,BON*,346775
1958,ALN,4328
1959,ALF,4325
1960,ZRC*,5037
1961,ALC,33401
1962,LTCU,531408
1963,NTK,439180
1964,NTM,338156
1965,ALX,787696
1966,MARS,6109
1967,ALT,777330
1968,CRC**,737393
1969,MARX,43818
1970,OS76,41122
1971,WEB,320596
1972,TOR,4625
1973,SOIL,20685
1974,ERC,20748
1975,ADBL,775124
1976,TOT,28087
1977,PTC*,340872
1978,TOK,625173
1979,MITH,847172
1980,TOM,215602
1981,TOA,341019
1982,HUGE,5290
1983,HMC,836331
1984,ETBT,431142
1985,PCOIN,694199
1986,ETBS,188394
1987,BULLS,35821
1988,OMGC,638142
1989,PLMT,847420
1990,NCASH,792548
1991,BITCAR,789256
1992,ABC,303943
1993,HGT,234508
1994,HGS,746316
1995,NZC,24892
1996,SCORE,187431
1997,ABT,394056
1998,BHC*,369029
1999,LK7,4550
2000,ABY,5338
2001,BHC,29559
2002,JINN,675359
2003,CRAB,30179
2004,TOMO,816702
2005,ZXT,32785
2006,ABYSS,419711
2007,EGO,29368
2008,DUTCH,372748
2009,EGC,15885
2010,EGG,5395
2011,XRED,336594
2012,IMPS,37204
2013,RAC,850831
2014,FGZ,33866
2015,LBC,23432
2016,CPC*,730988
2017,2015,3744
2018,EXTN,800048
2019,DCRE,34487
2020,MMNXT,23425
2021,YMC,42099
2022,BFT,710240
2023,BFX,25238
2024,FIRST,34223
2025,VIB,198710
2026,VIA,5015
2027,VIN,782929
2028,CEDEX,797331
2029,VIT,842430
2030,VIU,393656
2031,PUPA,78172
2032,IFT,185669
2033,STAR,179947
2034,OCL,214738
2035,OCN,714255
2036,MZX,736230
2037,GOLOS,40806
2038,SEND,449573
2039,IFC,4539
2040,FUN,178978
2041,STAK,536279
2042,NEOG,370947
2043,LENIN,40992
2044,PKT,344086
2045,COFI,436320
2046,CEL,799472
2047,GCC*,667444
2048,FLOT,654118
2049,PKB,8764
2050,PKC,814191
2051,NPXS,731516
2052,CHSB,752993
2053,ELTCOIN,438867
2054,RUST,24887
2055,STO,28025
2056,MBRS,221350
2057,CSH,31004
2058,WOP,37191
2059,CSC,4428
2060,DIGS,12192
2061,TUSD,844139
2062,STK,734584
2063,NEO,27368
2064,MMXIV,5326
2065,STU,184237
2066,DOGE,4432
2067,MOON,4346
2068,CGA,20911
2069,SENT,718363
2070,8S,310852
2071,HEDG,7653
2072,STA*,21981
2073,MUU,84247
2074,KAPU,305047
2075,JBS,4542
2076,KTK,5311
2077,CHAN,175683
2078,CHAO,41974
2079,MUE,22325
2080,CURE,5387
2081,2BACCO,30912
2082,CHAT,52008
2083,NEC*,777007
2084,MUN,764438
2085,DGB,4430
2086,DGC,4353
2087,MONETA,30364
2088,DGD,18907
2089,AST,337162
2090,BTLC,33522
2091,WORM,228162
2092,DGM,791119
2093,NUM,20583
2094,MASS,184135
2095,MASP,849711
2096,CMCT,793021
2097,PMA,661398
2098,DFBT,198693
2099,CSTL,400432
2100,DUO,73132
2101,DUB,7627
2102,PYLNT,718673
2103,UNB,4629
2104,R,345420
2105,UNF,29198
2106,UNI,60631
2107,BTRM,836186
2108,BLUE,350048
2109,OMA,22280
2110,SCRT,21760
2111,NEU*,13044
2112,CVCOIN,188400
2113,ESC*,383878
2114,ITC,597629
2115,VIVO,341205
2116,KR,20822
2117,HAZE,43937
2118,ITZ,709089
2119,ITT,232678
2120,OMX,815543
2121,BOMB,42110
2122,BTCE*,843597
2123,BIC,41587
2124,SAND,188652
2125,GBX,398705
2126,BIX,757969
2127,BIT,813335
2128,BIS,322963
2129,BIP,33936
2130,ELA,744987
2131,WARP,25822
2132,SLS,20681
2133,SLM,5382
2134,CRNK,30121
2135,KARMA,16127
2136,SLG,4605
2137,MCO,166548
2138,MCN,7636
2139,MAC,41962
2140,MCI,338415
2141,BBCC,29554
2142,MFG,683500
2143,GFT,394121
2144,MCU,714167
2145,MCT,753511
2146,AMMO,182463
2147,EXE,4443
2148,EXB,25925
2149,HHEM,753658
2150,WAND,320621
2151,EXN,370961
2152,BSTK,57466
2153,SOUL,20585
2154,EAGS,6106
2155,CRDNC,771782
2156,EXP,12194
2157,SCASH,34225
2158,LQD,22422
2159,BSTY,6100
2160,IOST,716522
2161,BEST,56246
2162,EXY,388493
2163,ZEN*,586160
2164,GLOBE,6393
2165,CEFS,769708
2166,TZC,338180
2167,VNT,229307
2168,ELT,334997
2169,BITUSD,28021
2170,N7,21017
2171,BamitCoin,35407
2172,GPL,28330
2173,SONG,8682
2174,BOST,4342
2175,THS,45615
2176,BOSS,41125
2177,LINDA,196541
2178,THC,29924
2179,CETI,3644
2180,CINNI,4414
2181,XID*,20387
2182,NIO,412112
2183,LINX,253667
2184,FAIR*,732098
2185,XYO,795305
2186,EREAL,625216
2187,KIN,177918
2188,ETP,328639
2189,INSANE,33017
2190,WBTC,756132
2191,CRW,7586
2192,CRU,811480
2193,CRX,25613
2194,SYNC,4617
2195,CRB,17547
2196,CRC,586482
2197,SYNX,27591
2198,CRE,8692
2199,FDX,777557
2200,FDZ,848819
2201,ROUND,43604
2202,CRL,766461
2203,CRM,202049
2204,PX,37370
2205,AERM,411647
2206,SWIFT,4616
2207,TAGR,20652
2208,3DES,304693
2209,EFL,4438
2210,UNIQ,25594
2211,UNIT,20728
2212,OPT,197054
2213,LCT,688295
2214,OPP,323787
2215,LCS,831841
2216,LCP,667139
2217,RNC,39710
2218,FRST,45258
2219,NTCC,41819
2220,SAFEX,20594
2221,LCC,783320
2222,BUZZ,28893
2223,RNS,57471
2224,LCK,680484
2225,DVC,4436
2226,FLLW,350394
2227,ICASH,5401
2228,UMC,213100
2229,NULS,377792
2230,RBTC,491479
2231,MUSIC,53950
2232,SMT*,524113
2233,QORA,5314
2234,BLRY,20336
2235,XWT,6096
2236,VIRAL,6088
2237,FOTA,729627
2238,CIN,4413
2239,THETA,714811
2240,IEC,68088
2241,OBS,22177
2242,PLU,42837
2243,PLR,184298
2244,ILCT,339598
2245,GRFT,326286
2246,CDN,52015
2247,MTN*,755707
2248,PLX,412081
2249,CDT,177139
2250,PSB,29041
2251,PLC,380571
2252,RHEA,311516
2253,PLM,314331
2254,CDX,412267
2255,CDY,771678
2256,BXT,28208
2257,WASH,32870
2258,AR*,251598
2259,ANK,781308
2260,ELIX,321177
2261,BTM*,218008
2262,PPC,2349
2263,SOC,788409
2264,NET*,176669
2265,GAY,28431
2266,AMBT,835125
2267,GAT,349487
2268,GAS,213532
2269,MBC,753824
2270,GAM,6102
2271,PPP,327500
2272,GAI,777701
2273,PPT,179896
2274,MBT,330003
2275,PPY,29348
2276,IQB,764104
2277,MTX,257110
2278,JCR,364747
2279,MTR,5340
2280,AUTO,815399
2281,NETC,20647
2282,CMPCO,228090
2283,MTK,319238
2284,MTH,208914
2285,MTN,313967
2286,MTL,179164
2287,BRIA,849782
2288,MAPC,12223
2289,MNT*,521417
2290,ART,311558
2291,ARY,769416
2292,TPAY,53166
2293,ELI*,811495
2294,ARB,7599
2295,ARC,188615
2296,ARG,4371
2297,ARI,4332
2298,ARK,32699
2299,BTMI,5404
2300,ARM,28654
2301,ARN,335127
2302,B@,56078
2303,GST,847347
2304,GSY,22453
2305,GSX,5397
2306,HNC,8846
2307,LUX**,536278
2308,BT,249784
2309,TIO,372812
2310,BQ,340125
2311,BS,30175
2312,CRC*,4426
2313,TIE,205991
2314,TIG,765383
2315,GSM,5358
2316,TIA,29455
2317,TIO*,419579
2318,TIC,44752
2319,APEX,4330
2320,CHIPS*,517603
2321,HKN,517775
2322,HKG,29733
2323,SGL,711086
2324,redBUX,791484
2325,NXT,1183
2326,BOLD,800034
2327,FNTB,453943
2328,NAVI,780767
2329,PXL,20580
2330,XAU,5283
2331,NXE,22240
2332,XAI,5021
2333,NXC,35678
2334,BBN*,847177
2335,CRAIG,4425
2336,SQP,237448
2337,LATX,849939
2338,COVAL,28276
2339,BVC,48800
2340,SCOT,20342
2341,SCOR,234659
2342,B3,28333
2343,JUDGE,4544
2344,ETF,536137
2345,BTCRY,5344
2346,ETG,347450
2347,YOYOW,322002
2348,SPC*,784821
2349,IGNIS,231674
2350,SHOW,776896
2351,ETK,385960
2352,GOFF,800364
2353,CUBE,20688
2354,ROI,849992
2355,KIND,810794
2356,ROK,336556
2357,LAB*,4548
2358,VIP,22212
2359,UBIQ,28652
2360,ROX,832783
2361,ICC,400693
2362,ETL,683789
2363,FLDC,5348
2364,OSC,4584
2365,QBT*,716795
2366,TAAS,66270
2367,BDG,423754
2368,CPAY,345674
2369,BDL,374294
2370,CNX,289715
2371,BDR,372637
2372,BERN,20817
2373,GTO,517477
2374,ZECD,32777
2375,MYST,136190
2376,UP,347247
2377,UR,34750
2378,VOT,418671
2379,TNB,517483
2380,VOX,18180
2381,OPTION,37749
2382,DRA,38360
2383,IDH,708873
2384,CLIN,785910
2385,SPKTR,41871
2386,BIOB,50734
2387,CND*,37746
2388,SBTC,516982
2389,GRAV,7634
2390,BIOS,20209
2391,GRAM,842123
2392,SMART*,617177
2393,CUZ,749450
2394,DIEM,20213
2395,MINT,4562
2396,WIC,320551
2397,CMT*,439963
2398,8BT,177124
2399,BRAT,357734
2400,MOAT,811560
2401,WIZ,310052
2402,STAC,396716
2403,DGPT,202696
2404,XBP*,848148
2405,CIF,792268
2406,SRC,4611
2407,NEWB,380794
2408,MST,28219
2409,MSR,382536
2410,MSP,198408
2411,CIR,43598
2412,CWXT,43265
2413,CIX,328667
2414,MSC,5394
2415,QSP,397757
2416,INSTAR,819702
2417,42,4321
2418,DAI,769546
2419,DAT,335505
2420,DAV,596972
2421,DAR,32694
2422,DAS,194399
2423,DAY,336705
2424,PLAY,369251
2425,LOCI,404890
2426,SPACE,22410
2427,CHILD,5377
2428,U,5352
2429,JPC*,5333
2430,DATA,369151
2431,CS*,799597
2432,ANCP,196572
2433,MUT,431229
